_type,url,date,rawContent,renderedContent,id,user,replyCount,retweetCount,likeCount,quoteCount,conversationId,lang,source,sourceUrl,sourceLabel,links,media,retweetedTweet,quotedTweet,inReplyToTweetId,inReplyToUser,mentionedUsers,coordinates,place,hashtags,cashtags,card,viewCount,vibe,content,outlinks,outlinksss,tcooutlinks,tcooutlinksss,username
snscrape.modules.twitter.Tweet,https://twitter.com/IamRayin/status/1627897816742866944,2023-02-21 05:07:39+00:00,"@rebelioushamila @amitspatkar @goacm @DaburIndia @HimalayaIndia @Vicco_Labs @MapiAyurveda @DrPramodPSawant @PypAyurved @yogrishiramdev @BJP4India @BJP4Goa This is the true authentic Ayurvedic institute.
https://t.co/O49uIDdrzh","@rebelioushamila @amitspatkar @goacm @DaburIndia @HimalayaIndia @Vicco_Labs @MapiAyurveda @DrPramodPSawant @PypAyurved @yogrishiramdev @BJP4India @BJP4Goa This is the true authentic Ayurvedic institute.
aryavaidyasala.com",1627897816742866944,"{'_type': 'snscrape.modules.twitter.User', 'username': 'IamRayin', 'id': 1237345071672016899, 'displayname': 'Rayin', 'rawDescription': 'Keralite, male, married, father of 2 kids.\nMechanical Engineer.', 'renderedDescription': 'Keralite, male, married, father of 2 kids.\nMechanical Engineer.', 'descriptionLinks': None, 'verified': False, 'created': '2020-03-10T11:50:40+00:00', 'followersCount': 377, 'friendsCount': 1099, 'statusesCount': 13268, 'favouritesCount': 37868, 'listedCount': 1, 'mediaCount': 497, 'location': '', 'protected': False, 'link': None, 'profileImageUrl': 'https://pbs.twimg.com/profile_images/1619949326117081091/Gj_J5oYm_normal.jpg', 'profileBannerUrl': 'https://pbs.twimg.com/profile_banners/1237345071672016899/1586147103', 'label': None, 'description': 'Keralite, male, married, father of 2 kids.\nMechanical Engineer.', 'descriptionUrls': None, 'linkTcourl': None, 'linkUrl': None, 'url': 'https://twitter.com/IamRayin'}",0,0,1,0,1627726321228054529,en,"<a href=""http://twitter.com/download/android"" rel=""nofollow"">Twitter for Android</a>",http://twitter.com/download/android,Twitter for Android,"[{'_type': 'snscrape.modules.twitter.TextLink', 'text': 'aryavaidyasala.com', 'url': 'https://www.aryavaidyasala.com/', 'tcourl': 'https://t.co/O49uIDdrzh', 'indices': [203, 226]}]",,,,1.627820986090537e+18,"{'_type': 'snscrape.modules.twitter.User', 'username': 'rebelioushamila', 'id': 1071584956189536256, 'displayname': 'Shamila Siddiqui', 'rawDescription': None, 'renderedDescription': None, 'descriptionLinks': None, 'verified': None, 'created': None, 'followersCount': None, 'friendsCount': None, 'statusesCount': None, 'favouritesCount': None, 'listedCount': None, 'mediaCount': None, 'location': None, 'protected': None, 'link': None, 'profileImageUrl': None, 'profileBannerUrl': None, 'label': None, 'description': None, 'descriptionUrls': None, 'linkTcourl': None, 'linkUrl': None, 'url': 'https://twitter.com/rebelioushamila'}","[{'_type': 'snscrape.modules.twitter.User', 'username': 'rebelioushamila', 'id': 1071584956189536256, 'displayname': 'Shamila Siddiqui', 'rawDescription': None, 'renderedDescription': None, 'descriptionLinks': None, 'verified': None, 'created': None, 'followersCount': None, 'friendsCount': None, 'statusesCount': None, 'favouritesCount': None, 'listedCount': None, 'mediaCount': None, 'location': None, 'protected': None, 'link': None, 'profileImageUrl': None, 'profileBannerUrl': None, 'label': None, 'description': None, 'descriptionUrls': None, 'linkTcourl': None, 'linkUrl': None, 'url': 'https://twitter.com/rebelioushamila'}, {'_type': 'snscrape.modules.twitter.User', 'username': 'amitspatkar', 'id': 2554024284, 'displayname': 'Amit Patkar', 'rawDescription': None, 'renderedDescription': None, 'descriptionLinks': None, 'verified': None, 'created': None, 'followersCount': None, 'friendsCount': None, 'statusesCount': None, 'favouritesCount': None, 'listedCount': None, 'mediaCount': None, 'location': None, 'protected': None, 'link': None, 'profileImageUrl': None, 'profileBannerUrl': None, 'label': None, 'description': None, 'descriptionUrls': None, 'linkTcourl': None, 'linkUrl': None, 'url': 'https://twitter.com/amitspatkar'}, {'_type': 'snscrape.modules.twitter.User', 'username': 'goacm', 'id': 3241053882, 'displayname': 'CMO Goa', 'rawDescription': None, 'renderedDescription': None, 'descriptionLinks': None, 'verified': None, 'created': None, 'followersCount': None, 'friendsCount': None, 'statusesCount': None, 'favouritesCount': None, 'listedCount': None, 'mediaCount': None, 'location': None, 'protected': None, 'link': None, 'profileImageUrl': None, 'profileBannerUrl': None, 'label': None, 'description': None, 'descriptionUrls': None, 'linkTcourl': None, 'linkUrl': None, 'url': 'https://twitter.com/goacm'}, {'_type': 'snscrape.modules.twitter.User', 'username': 'DaburIndia', 'id': 127809688, 'displayname': 'Dabur India Ltd', 'rawDescription': None, 'renderedDescription': None, 'descriptionLinks': None, 'verified': None, 'created': None, 'followersCount': None, 'friendsCount': None, 'statusesCount': None, 'favouritesCount': None, 'listedCount': None, 'mediaCount': None, 'location': None, 'protected': None, 'link': None, 'profileImageUrl': None, 'profileBannerUrl': None, 'label': None, 'description': None, 'descriptionUrls': None, 'linkTcourl': None, 'linkUrl': None, 'url': 'https://twitter.com/DaburIndia'}, {'_type': 'snscrape.modules.twitter.User', 'username': 'HimalayaIndia', 'id': 423190436, 'displayname': 'Himalaya Wellness Company', 'rawDescription': None, 'renderedDescription': None, 'descriptionLinks': None, 'verified': None, 'created': None, 'followersCount': None, 'friendsCount': None, 'statusesCount': None, 'favouritesCount': None, 'listedCount': None, 'mediaCount': None, 'location': None, 'protected': None, 'link': None, 'profileImageUrl': None, 'profileBannerUrl': None, 'label': None, 'description': None, 'descriptionUrls': None, 'linkTcourl': None, 'linkUrl': None, 'url': 'https://twitter.com/HimalayaIndia'}, {'_type': 'snscrape.modules.twitter.User', 'username': 'Vicco_Labs', 'id': 1706327575, 'displayname': 'VICCO', 'rawDescription': None, 'renderedDescription': None, 'descriptionLinks': None, 'verified': None, 'created': None, 'followersCount': None, 'friendsCount': None, 'statusesCount': None, 'favouritesCount': None, 'listedCount': None, 'mediaCount': None, 'location': None, 'protected': None, 'link': None, 'profileImageUrl': None, 'profileBannerUrl': None, 'label': None, 'description': None, 'descriptionUrls': None, 'linkTcourl': None, 'linkUrl': None, 'url': 'https://twitter.com/Vicco_Labs'}, {'_type': 'snscrape.modules.twitter.User', 'username': 'MapiAyurveda', 'id': 28392318, 'displayname': 'Maharishi Ayurveda', 'rawDescription': None, 'renderedDescription': None, 'descriptionLinks': None, 'verified': None, 'created': None, 'followersCount': None, 'friendsCount': None, 'statusesCount': None, 'favouritesCount': None, 'listedCount': None, 'mediaCount': None, 'location': None, 'protected': None, 'link': None, 'profileImageUrl': None, 'profileBannerUrl': None, 'label': None, 'description': None, 'descriptionUrls': None, 'linkTcourl': None, 'linkUrl': None, 'url': 'https://twitter.com/MapiAyurveda'}, {'_type': 'snscrape.modules.twitter.User', 'username': 'DrPramodPSawant', 'id': 785783685937295360, 'displayname': 'Dr. Pramod Sawant', 'rawDescription': None, 'renderedDescription': None, 'descriptionLinks': None, 'verified': None, 'created': None, 'followersCount': None, 'friendsCount': None, 'statusesCount': None, 'favouritesCount': None, 'listedCount': None, 'mediaCount': None, 'location': None, 'protected': None, 'link': None, 'profileImageUrl': None, 'profileBannerUrl': None, 'label': None, 'description': None, 'descriptionUrls': None, 'linkTcourl': None, 'linkUrl': None, 'url': 'https://twitter.com/DrPramodPSawant'}, {'_type': 'snscrape.modules.twitter.User', 'username': 'PypAyurved', 'id': 708148004797030401, 'displayname': 'Patanjali Ayurved', 'rawDescription': None, 'renderedDescription': None, 'descriptionLinks': None, 'verified': None, 'created': None, 'followersCount': None, 'friendsCount': None, 'statusesCount': None, 'favouritesCount': None, 'listedCount': None, 'mediaCount': None, 'location': None, 'protected': None, 'link': None, 'profileImageUrl': None, 'profileBannerUrl': None, 'label': None, 'description': None, 'descriptionUrls': None, 'linkTcourl': None, 'linkUrl': None, 'url': 'https://twitter.com/PypAyurved'}, {'_type': 'snscrape.modules.twitter.User', 'username': 'yogrishiramdev', 'id': 559345507, 'displayname': '‡§∏‡•ç‡§µ‡§æ‡§Æ‡•Ä ‡§∞‡§æ‡§Æ‡§¶‡•á‡§µ', 'rawDescription': None, 'renderedDescription': None, 'descriptionLinks': None, 'verified': None, 'created': None, 'followersCount': None, 'friendsCount': None, 'statusesCount': None, 'favouritesCount': None, 'listedCount': None, 'mediaCount': None, 'location': None, 'protected': None, 'link': None, 'profileImageUrl': None, 'profileBannerUrl': None, 'label': None, 'description': None, 'descriptionUrls': None, 'linkTcourl': None, 'linkUrl': None, 'url': 'https://twitter.com/yogrishiramdev'}, {'_type': 'snscrape.modules.twitter.User', 'username': 'BJP4India', 'id': 207809313, 'displayname': 'BJP', 'rawDescription': None, 'renderedDescription': None, 'descriptionLinks': None, 'verified': None, 'created': None, 'followersCount': None, 'friendsCount': None, 'statusesCount': None, 'favouritesCount': None, 'listedCount': None, 'mediaCount': None, 'location': None, 'protected': None, 'link': None, 'profileImageUrl': None, 'profileBannerUrl': None, 'label': None, 'description': None, 'descriptionUrls': None, 'linkTcourl': None, 'linkUrl': None, 'url': 'https://twitter.com/BJP4India'}, {'_type': 'snscrape.modules.twitter.User', 'username': 'BJP4Goa', 'id': 758216347486720000, 'displayname': 'BJP Goa', 'rawDescription': None, 'renderedDescription': None, 'descriptionLinks': None, 'verified': None, 'created': None, 'followersCount': None, 'friendsCount': None, 'statusesCount': None, 'favouritesCount': None, 'listedCount': None, 'mediaCount': None, 'location': None, 'protected': None, 'link': None, 'profileImageUrl': None, 'profileBannerUrl': None, 'label': None, 'description': None, 'descriptionUrls': None, 'linkTcourl': None, 'linkUrl': None, 'url': 'https://twitter.com/BJP4Goa'}]",,,,,,33,,"@rebelioushamila @amitspatkar @goacm @DaburIndia @HimalayaIndia @Vicco_Labs @MapiAyurveda @DrPramodPSawant @PypAyurved @yogrishiramdev @BJP4India @BJP4Goa This is the true authentic Ayurvedic institute.
https://t.co/O49uIDdrzh",['https://www.aryavaidyasala.com/'],https://www.aryavaidyasala.com/,['https://t.co/O49uIDdrzh'],https://t.co/O49uIDdrzh,IamRayin
snscrape.modules.twitter.Tweet,https://twitter.com/rebelioushamila/status/1627820986090536960,2023-02-21 00:02:21+00:00,@amitspatkar @goacm @DaburIndia @HimalayaIndia @Vicco_Labs @MapiAyurveda @DrPramodPSawant @PypAyurved Kerala ayurvedic system is a well trusted system but they don't advertise fiercely like @yogrishiramdev . The way @BJP4India &amp; @BJP4Goa is promoting @PypAyurved  it is clear they have a commission in this business,@amitspatkar @goacm @DaburIndia @HimalayaIndia @Vicco_Labs @MapiAyurveda @DrPramodPSawant @PypAyurved Kerala ayurvedic system is a well trusted system but they don't advertise fiercely like @yogrishiramdev . The way @BJP4India &amp; @BJP4Goa is promoting @PypAyurved  it is clear they have a commission in this business,1627820986090536960,"{'_type': 'snscrape.modules.twitter.User', 'username': 'rebelioushamila', 'id': 1071584956189536256, 'displayname': 'Shamila Siddiqui', 'rawDescription': 'love Congress Ideology|\nSocial Media coordinator Goa Congress| RTs are not endorsement', 'renderedDescription': 'love Congress Ideology|\nSocial Media coordinator Goa Congress| RTs are not endorsement', 'descriptionLinks': None, 'verified': False, 'created': '2018-12-09T01:58:57+00:00', 'followersCount': 3975, 'friendsCount': 1438, 'statusesCount': 41054, 'favouritesCount': 73538, 'listedCount': 4, 'mediaCount': 540, 'location': 'Goa, India', 'protected': False, 'link': None, 'profileImageUrl': 'https://pbs.twimg.com/profile_images/1634080054333546496/P9MW3Lve_normal.jpg', 'profileBannerUrl': 'https://pbs.twimg.com/profile_banners/1071584956189536256/1634816206', 'label': None, 'description': 'love Congress Ideology|\nSocial Media coordinator Goa Congress| RTs are not endorsement', 'descriptionUrls': None, 'linkTcourl': None, 'linkUrl': None, 'url': 'https://twitter.com/rebelioushamila'}",2,31,35,1,1627726321228054529,en,"<a href=""http://twitter.com/download/android"" rel=""nofollow"">Twitter for Android</a>",http://twitter.com/download/android,Twitter for Android,,,,,1.6277263212280545e+18,"{'_type': 'snscrape.modules.twitter.User', 'username': 'amitspatkar', 'id': 2554024284, 'displayname': 'Amit Patkar', 'rawDescription': None, 'renderedDescription': None, 'descriptionLinks': None, 'verified': None, 'created': None, 'followersCount': None, 'friendsCount': None, 'statusesCount': None, 'favouritesCount': None, 'listedCount': None, 'mediaCount': None, 'location': None, 'protected': None, 'link': None, 'profileImageUrl': None, 'profileBannerUrl': None, 'label': None, 'description': None, 'descriptionUrls': None, 'linkTcourl': None, 'linkUrl': None, 'url': 'https://twitter.com/amitspatkar'}","[{'_type': 'snscrape.modules.twitter.User', 'username': 'amitspatkar', 'id': 2554024284, 'displayname': 'Amit Patkar', 'rawDescription': None, 'renderedDescription': None, 'descriptionLinks': None, 'verified': None, 'created': None, 'followersCount': None, 'friendsCount': None, 'statusesCount': None, 'favouritesCount': None, 'listedCount': None, 'mediaCount': None, 'location': None, 'protected': None, 'link': None, 'profileImageUrl': None, 'profileBannerUrl': None, 'label': None, 'description': None, 'descriptionUrls': None, 'linkTcourl': None, 'linkUrl': None, 'url': 'https://twitter.com/amitspatkar'}, {'_type': 'snscrape.modules.twitter.User', 'username': 'goacm', 'id': 3241053882, 'displayname': 'CMO Goa', 'rawDescription': None, 'renderedDescription': None, 'descriptionLinks': None, 'verified': None, 'created': None, 'followersCount': None, 'friendsCount': None, 'statusesCount': None, 'favouritesCount': None, 'listedCount': None, 'mediaCount': None, 'location': None, 'protected': None, 'link': None, 'profileImageUrl': None, 'profileBannerUrl': None, 'label': None, 'description': None, 'descriptionUrls': None, 'linkTcourl': None, 'linkUrl': None, 'url': 'https://twitter.com/goacm'}, {'_type': 'snscrape.modules.twitter.User', 'username': 'DaburIndia', 'id': 127809688, 'displayname': 'Dabur India Ltd', 'rawDescription': None, 'renderedDescription': None, 'descriptionLinks': None, 'verified': None, 'created': None, 'followersCount': None, 'friendsCount': None, 'statusesCount': None, 'favouritesCount': None, 'listedCount': None, 'mediaCount': None, 'location': None, 'protected': None, 'link': None, 'profileImageUrl': None, 'profileBannerUrl': None, 'label': None, 'description': None, 'descriptionUrls': None, 'linkTcourl': None, 'linkUrl': None, 'url': 'https://twitter.com/DaburIndia'}, {'_type': 'snscrape.modules.twitter.User', 'username': 'HimalayaIndia', 'id': 423190436, 'displayname': 'Himalaya Wellness Company', 'rawDescription': None, 'renderedDescription': None, 'descriptionLinks': None, 'verified': None, 'created': None, 'followersCount': None, 'friendsCount': None, 'statusesCount': None, 'favouritesCount': None, 'listedCount': None, 'mediaCount': None, 'location': None, 'protected': None, 'link': None, 'profileImageUrl': None, 'profileBannerUrl': None, 'label': None, 'description': None, 'descriptionUrls': None, 'linkTcourl': None, 'linkUrl': None, 'url': 'https://twitter.com/HimalayaIndia'}, {'_type': 'snscrape.modules.twitter.User', 'username': 'Vicco_Labs', 'id': 1706327575, 'displayname': 'VICCO', 'rawDescription': None, 'renderedDescription': None, 'descriptionLinks': None, 'verified': None, 'created': None, 'followersCount': None, 'friendsCount': None, 'statusesCount': None, 'favouritesCount': None, 'listedCount': None, 'mediaCount': None, 'location': None, 'protected': None, 'link': None, 'profileImageUrl': None, 'profileBannerUrl': None, 'label': None, 'description': None, 'descriptionUrls': None, 'linkTcourl': None, 'linkUrl': None, 'url': 'https://twitter.com/Vicco_Labs'}, {'_type': 'snscrape.modules.twitter.User', 'username': 'MapiAyurveda', 'id': 28392318, 'displayname': 'Maharishi Ayurveda', 'rawDescription': None, 'renderedDescription': None, 'descriptionLinks': None, 'verified': None, 'created': None, 'followersCount': None, 'friendsCount': None, 'statusesCount': None, 'favouritesCount': None, 'listedCount': None, 'mediaCount': None, 'location': None, 'protected': None, 'link': None, 'profileImageUrl': None, 'profileBannerUrl': None, 'label': None, 'description': None, 'descriptionUrls': None, 'linkTcourl': None, 'linkUrl': None, 'url': 'https://twitter.com/MapiAyurveda'}, {'_type': 'snscrape.modules.twitter.User', 'username': 'DrPramodPSawant', 'id': 785783685937295360, 'displayname': 'Dr. Pramod Sawant', 'rawDescription': None, 'renderedDescription': None, 'descriptionLinks': None, 'verified': None, 'created': None, 'followersCount': None, 'friendsCount': None, 'statusesCount': None, 'favouritesCount': None, 'listedCount': None, 'mediaCount': None, 'location': None, 'protected': None, 'link': None, 'profileImageUrl': None, 'profileBannerUrl': None, 'label': None, 'description': None, 'descriptionUrls': None, 'linkTcourl': None, 'linkUrl': None, 'url': 'https://twitter.com/DrPramodPSawant'}, {'_type': 'snscrape.modules.twitter.User', 'username': 'PypAyurved', 'id': 708148004797030401, 'displayname': 'Patanjali Ayurved', 'rawDescription': None, 'renderedDescription': None, 'descriptionLinks': None, 'verified': None, 'created': None, 'followersCount': None, 'friendsCount': None, 'statusesCount': None, 'favouritesCount': None, 'listedCount': None, 'mediaCount': None, 'location': None, 'protected': None, 'link': None, 'profileImageUrl': None, 'profileBannerUrl': None, 'label': None, 'description': None, 'descriptionUrls': None, 'linkTcourl': None, 'linkUrl': None, 'url': 'https://twitter.com/PypAyurved'}, {'_type': 'snscrape.modules.twitter.User', 'username': 'yogrishiramdev', 'id': 559345507, 'displayname': '‡§∏‡•ç‡§µ‡§æ‡§Æ‡•Ä ‡§∞‡§æ‡§Æ‡§¶‡•á‡§µ', 'rawDescription': None, 'renderedDescription': None, 'descriptionLinks': None, 'verified': None, 'created': None, 'followersCount': None, 'friendsCount': None, 'statusesCount': None, 'favouritesCount': None, 'listedCount': None, 'mediaCount': None, 'location': None, 'protected': None, 'link': None, 'profileImageUrl': None, 'profileBannerUrl': None, 'label': None, 'description': None, 'descriptionUrls': None, 'linkTcourl': None, 'linkUrl': None, 'url': 'https://twitter.com/yogrishiramdev'}, {'_type': 'snscrape.modules.twitter.User', 'username': 'BJP4India', 'id': 207809313, 'displayname': 'BJP', 'rawDescription': None, 'renderedDescription': None, 'descriptionLinks': None, 'verified': None, 'created': None, 'followersCount': None, 'friendsCount': None, 'statusesCount': None, 'favouritesCount': None, 'listedCount': None, 'mediaCount': None, 'location': None, 'protected': None, 'link': None, 'profileImageUrl': None, 'profileBannerUrl': None, 'label': None, 'description': None, 'descriptionUrls': None, 'linkTcourl': None, 'linkUrl': None, 'url': 'https://twitter.com/BJP4India'}, {'_type': 'snscrape.modules.twitter.User', 'username': 'BJP4Goa', 'id': 758216347486720000, 'displayname': 'BJP Goa', 'rawDescription': None, 'renderedDescription': None, 'descriptionLinks': None, 'verified': None, 'created': None, 'followersCount': None, 'friendsCount': None, 'statusesCount': None, 'favouritesCount': None, 'listedCount': None, 'mediaCount': None, 'location': None, 'protected': None, 'link': None, 'profileImageUrl': None, 'profileBannerUrl': None, 'label': None, 'description': None, 'descriptionUrls': None, 'linkTcourl': None, 'linkUrl': None, 'url': 'https://twitter.com/BJP4Goa'}, {'_type': 'snscrape.modules.twitter.User', 'username': 'PypAyurved', 'id': 708148004797030401, 'displayname': 'Patanjali Ayurved', 'rawDescription': None, 'renderedDescription': None, 'descriptionLinks': None, 'verified': None, 'created': None, 'followersCount': None, 'friendsCount': None, 'statusesCount': None, 'favouritesCount': None, 'listedCount': None, 'mediaCount': None, 'location': None, 'protected': None, 'link': None, 'profileImageUrl': None, 'profileBannerUrl': None, 'label': None, 'description': None, 'descriptionUrls': None, 'linkTcourl': None, 'linkUrl': None, 'url': 'https://twitter.com/PypAyurved'}]",,,,,,548,,@amitspatkar @goacm @DaburIndia @HimalayaIndia @Vicco_Labs @MapiAyurveda @DrPramodPSawant @PypAyurved Kerala ayurvedic system is a well trusted system but they don't advertise fiercely like @yogrishiramdev . The way @BJP4India &amp; @BJP4Goa is promoting @PypAyurved  it is clear they have a commission in this business,[],,[],,rebelioushamila
snscrape.modules.twitter.Tweet,https://twitter.com/Its_Mangesh99/status/1626611089260822529,2023-02-17 15:54:39+00:00,@HimalayaIndia  Though Purchased for Ayurvedic propriety moisturizer.contains lot of Chemical ingredients. https://t.co/kuDVkENq4U,@HimalayaIndia  Though Purchased for Ayurvedic propriety moisturizer.contains lot of Chemical ingredients. https://t.co/kuDVkENq4U,1626611089260822529,"{'_type': 'snscrape.modules.twitter.User', 'username': 'Its_Mangesh99', 'id': 1191661501246926848, 'displayname': 'Mangesh', 'rawDescription': 'Socio\nViews r Personal', 'renderedDescription': 'Socio\nViews r Personal', 'descriptionLinks': None, 'verified': False, 'created': '2019-11-05T10:20:44+00:00', 'followersCount': 23, 'friendsCount': 210, 'statusesCount': 125, 'favouritesCount': 881, 'listedCount': 0, 'mediaCount': 15, 'location': '', 'protected': False, 'link': None, 'profileImageUrl': 'https://pbs.twimg.com/profile_images/1191661923940499456/8f69h10C_normal.jpg', 'profileBannerUrl': None, 'label': None, 'description': 'Socio\nViews r Personal', 'descriptionUrls': None, 'linkTcourl': None, 'linkUrl': None, 'url': 'https://twitter.com/Its_Mangesh99'}",0,0,0,0,1626611089260822529,en,"<a href=""http://twitter.com/download/android"" rel=""nofollow"">Twitter for Android</a>",http://twitter.com/download/android,Twitter for Android,,"[{'_type': 'snscrape.modules.twitter.Photo', 'previewUrl': 'https://pbs.twimg.com/media/FpLiJZqagAEJvul?format=jpg&name=small', 'fullUrl': 'https://pbs.twimg.com/media/FpLiJZqagAEJvul?format=jpg&name=orig', 'altText': None}]",,,,,"[{'_type': 'snscrape.modules.twitter.User', 'username': 'HimalayaIndia', 'id': 423190436, 'displayname': 'Himalaya Wellness Company', 'rawDescription': None, 'renderedDescription': None, 'descriptionLinks': None, 'verified': None, 'created': None, 'followersCount': None, 'friendsCount': None, 'statusesCount': None, 'favouritesCount': None, 'listedCount': None, 'mediaCount': None, 'location': None, 'protected': None, 'link': None, 'profileImageUrl': None, 'profileBannerUrl': None, 'label': None, 'description': None, 'descriptionUrls': None, 'linkTcourl': None, 'linkUrl': None, 'url': 'https://twitter.com/HimalayaIndia'}]",,,,,,6,,@HimalayaIndia  Though Purchased for Ayurvedic propriety moisturizer.contains lot of Chemical ingredients. https://t.co/kuDVkENq4U,[],,[],,Its_Mangesh99
snscrape.modules.twitter.Tweet,https://twitter.com/AherAlok/status/1620681654795915264,2023-02-01 07:13:11+00:00,"@AyurvedaMonk @HimalayaIndia What about Patanjali sir, is it real a Ayurvedic company?","@AyurvedaMonk @HimalayaIndia What about Patanjali sir, is it real a Ayurvedic company?",1620681654795915264,"{'_type': 'snscrape.modules.twitter.User', 'username': 'AherAlok', 'id': 1100228337807642624, 'displayname': '‡§Ö‡§≤‡•ã‡§ï: ‡§è‡§ï ‡§Ö‡§µ‡§≤‡§ø‡§Ø‡§æ!', 'rawDescription': '‡§π‡§∞ ‡§´‡§ø‡§ï‡•ç‡§∞ ‡§ï‡•ã ‡§ß‡•Å‡§è‡§Ç ‡§Æ‡•á‡§Ç ‡§â‡§°‡§º‡§æ‡§§‡§æ ‡§ö‡§≤‡§æ ‡§ó‡§Ø‡§æ.', 'renderedDescription': '‡§π‡§∞ ‡§´‡§ø‡§ï‡•ç‡§∞ ‡§ï‡•ã ‡§ß‡•Å‡§è‡§Ç ‡§Æ‡•á‡§Ç ‡§â‡§°‡§º‡§æ‡§§‡§æ ‡§ö‡§≤‡§æ ‡§ó‡§Ø‡§æ.', 'descriptionLinks': None, 'verified': False, 'created': '2019-02-26T02:57:31+00:00', 'followersCount': 77, 'friendsCount': 1875, 'statusesCount': 2672, 'favouritesCount': 16083, 'listedCount': 0, 'mediaCount': 142, 'location': 'Thane, India', 'protected': False, 'link': {'_type': 'snscrape.modules.twitter.TextLink', 'text': 'sminetech.com', 'url': 'https://www.sminetech.com/', 'tcourl': 'https://t.co/r0peUP55Ft', 'indices': [0, 23]}, 'profileImageUrl': 'https://pbs.twimg.com/profile_images/1619220470641082373/5uG7wBNM_normal.jpg', 'profileBannerUrl': 'https://pbs.twimg.com/profile_banners/1100228337807642624/1650274323', 'label': None, 'description': '‡§π‡§∞ ‡§´‡§ø‡§ï‡•ç‡§∞ ‡§ï‡•ã ‡§ß‡•Å‡§è‡§Ç ‡§Æ‡•á‡§Ç ‡§â‡§°‡§º‡§æ‡§§‡§æ ‡§ö‡§≤‡§æ ‡§ó‡§Ø‡§æ.', 'descriptionUrls': None, 'linkTcourl': 'https://t.co/r0peUP55Ft', 'linkUrl': 'https://www.sminetech.com/', 'url': 'https://twitter.com/AherAlok'}",3,0,1,0,1620639019188248576,en,"<a href=""http://twitter.com/download/android"" rel=""nofollow"">Twitter for Android</a>",http://twitter.com/download/android,Twitter for Android,,,,,1.6206390191882486e+18,"{'_type': 'snscrape.modules.twitter.User', 'username': 'AyurvedaMonk', 'id': 160767921, 'displayname': 'Ayurveda Monk, The Dr. ü©∫üßò\u200d‚ôÇÔ∏èüçÄ', 'rawDescription': None, 'renderedDescription': None, 'descriptionLinks': None, 'verified': None, 'created': None, 'followersCount': None, 'friendsCount': None, 'statusesCount': None, 'favouritesCount': None, 'listedCount': None, 'mediaCount': None, 'location': None, 'protected': None, 'link': None, 'profileImageUrl': None, 'profileBannerUrl': None, 'label': None, 'description': None, 'descriptionUrls': None, 'linkTcourl': None, 'linkUrl': None, 'url': 'https://twitter.com/AyurvedaMonk'}","[{'_type': 'snscrape.modules.twitter.User', 'username': 'AyurvedaMonk', 'id': 160767921, 'displayname': 'Ayurveda Monk, The Dr. ü©∫üßò\u200d‚ôÇÔ∏èüçÄ', 'rawDescription': None, 'renderedDescription': None, 'descriptionLinks': None, 'verified': None, 'created': None, 'followersCount': None, 'friendsCount': None, 'statusesCount': None, 'favouritesCount': None, 'listedCount': None, 'mediaCount': None, 'location': None, 'protected': None, 'link': None, 'profileImageUrl': None, 'profileBannerUrl': None, 'label': None, 'description': None, 'descriptionUrls': None, 'linkTcourl': None, 'linkUrl': None, 'url': 'https://twitter.com/AyurvedaMonk'}, {'_type': 'snscrape.modules.twitter.User', 'username': 'HimalayaIndia', 'id': 423190436, 'displayname': 'Himalaya Wellness Company', 'rawDescription': None, 'renderedDescription': None, 'descriptionLinks': None, 'verified': None, 'created': None, 'followersCount': None, 'friendsCount': None, 'statusesCount': None, 'favouritesCount': None, 'listedCount': None, 'mediaCount': None, 'location': None, 'protected': None, 'link': None, 'profileImageUrl': None, 'profileBannerUrl': None, 'label': None, 'description': None, 'descriptionUrls': None, 'linkTcourl': None, 'linkUrl': None, 'url': 'https://twitter.com/HimalayaIndia'}]",,,,,,305,,"@AyurvedaMonk @HimalayaIndia What about Patanjali sir, is it real a Ayurvedic company?",[],,[],,AherAlok
snscrape.modules.twitter.Tweet,https://twitter.com/PChandr43659403/status/1620660149479415809,2023-02-01 05:47:44+00:00,"@sereneloud @AyurvedaMonk @HimalayaIndia Oops. Sorry I didn't realise you were an ayurvedic consultant earlier..

I think such companies only bring disrepute to Ayurveda. People take such drugs expecting miracle cures and then blame ayurveda when they don't get relief.","@sereneloud @AyurvedaMonk @HimalayaIndia Oops. Sorry I didn't realise you were an ayurvedic consultant earlier..

I think such companies only bring disrepute to Ayurveda. People take such drugs expecting miracle cures and then blame ayurveda when they don't get relief.",1620660149479415809,"{'_type': 'snscrape.modules.twitter.User', 'username': 'PChandr43659403', 'id': 1398714554486431744, 'displayname': 'P Chandrasekaran', 'rawDescription': 'Whence am I', 'renderedDescription': 'Whence am I', 'descriptionLinks': None, 'verified': False, 'created': '2021-05-29T18:55:26+00:00', 'followersCount': 98, 'friendsCount': 251, 'statusesCount': 2147, 'favouritesCount': 4055, 'listedCount': 3, 'mediaCount': 235, 'location': 'Chennai, India', 'protected': False, 'link': None, 'profileImageUrl': 'https://pbs.twimg.com/profile_images/1561954192704487424/x_cYL0gQ_normal.jpg', 'profileBannerUrl': None, 'label': None, 'description': 'Whence am I', 'descriptionUrls': None, 'linkTcourl': None, 'linkUrl': None, 'url': 'https://twitter.com/PChandr43659403'}",0,0,2,0,1620639019188248576,en,"<a href=""http://twitter.com/download/android"" rel=""nofollow"">Twitter for Android</a>",http://twitter.com/download/android,Twitter for Android,,,,,1.620654846985773e+18,"{'_type': 'snscrape.modules.twitter.User', 'username': 'sereneloud', 'id': 75486287, 'displayname': 'Zeal to learn....', 'rawDescription': None, 'renderedDescription': None, 'descriptionLinks': None, 'verified': None, 'created': None, 'followersCount': None, 'friendsCount': None, 'statusesCount': None, 'favouritesCount': None, 'listedCount': None, 'mediaCount': None, 'location': None, 'protected': None, 'link': None, 'profileImageUrl': None, 'profileBannerUrl': None, 'label': None, 'description': None, 'descriptionUrls': None, 'linkTcourl': None, 'linkUrl': None, 'url': 'https://twitter.com/sereneloud'}","[{'_type': 'snscrape.modules.twitter.User', 'username': 'sereneloud', 'id': 75486287, 'displayname': 'Zeal to learn....', 'rawDescription': None, 'renderedDescription': None, 'descriptionLinks': None, 'verified': None, 'created': None, 'followersCount': None, 'friendsCount': None, 'statusesCount': None, 'favouritesCount': None, 'listedCount': None, 'mediaCount': None, 'location': None, 'protected': None, 'link': None, 'profileImageUrl': None, 'profileBannerUrl': None, 'label': None, 'description': None, 'descriptionUrls': None, 'linkTcourl': None, 'linkUrl': None, 'url': 'https://twitter.com/sereneloud'}, {'_type': 'snscrape.modules.twitter.User', 'username': 'AyurvedaMonk', 'id': 160767921, 'displayname': 'Ayurveda Monk, The Dr. ü©∫üßò\u200d‚ôÇÔ∏èüçÄ', 'rawDescription': None, 'renderedDescription': None, 'descriptionLinks': None, 'verified': None, 'created': None, 'followersCount': None, 'friendsCount': None, 'statusesCount': None, 'favouritesCount': None, 'listedCount': None, 'mediaCount': None, 'location': None, 'protected': None, 'link': None, 'profileImageUrl': None, 'profileBannerUrl': None, 'label': None, 'description': None, 'descriptionUrls': None, 'linkTcourl': None, 'linkUrl': None, 'url': 'https://twitter.com/AyurvedaMonk'}, {'_type': 'snscrape.modules.twitter.User', 'username': 'HimalayaIndia', 'id': 423190436, 'displayname': 'Himalaya Wellness Company', 'rawDescription': None, 'renderedDescription': None, 'descriptionLinks': None, 'verified': None, 'created': None, 'followersCount': None, 'friendsCount': None, 'statusesCount': None, 'favouritesCount': None, 'listedCount': None, 'mediaCount': None, 'location': None, 'protected': None, 'link': None, 'profileImageUrl': None, 'profileBannerUrl': None, 'label': None, 'description': None, 'descriptionUrls': None, 'linkTcourl': None, 'linkUrl': None, 'url': 'https://twitter.com/HimalayaIndia'}]",,,,,,108,,"@sereneloud @AyurvedaMonk @HimalayaIndia Oops. Sorry I didn't realise you were an ayurvedic consultant earlier..

I think such companies only bring disrepute to Ayurveda. People take such drugs expecting miracle cures and then blame ayurveda when they don't get relief.",[],,[],,PChandr43659403
snscrape.modules.twitter.Tweet,https://twitter.com/sereneloud/status/1620654846985773056,2023-02-01 05:26:40+00:00,"@PChandr43659403 @AyurvedaMonk @HimalayaIndia Very well said, precisely the reason I called them Herbal medicine company and not Ayurvedic","@PChandr43659403 @AyurvedaMonk @HimalayaIndia Very well said, precisely the reason I called them Herbal medicine company and not Ayurvedic",1620654846985773056,"{'_type': 'snscrape.modules.twitter.User', 'username': 'sereneloud', 'id': 75486287, 'displayname': 'Zeal to learn....', 'rawDescription': 'Hara Hara Mahadev... Bibliophile.. Ayurvedic consultant; Trainer, Cofounder - Advaitam Ayurveda', 'renderedDescription': 'Hara Hara Mahadev... Bibliophile.. Ayurvedic consultant; Trainer, Cofounder - Advaitam Ayurveda', 'descriptionLinks': None, 'verified': False, 'created': '2009-09-19T05:57:17+00:00', 'followersCount': 1639, 'friendsCount': 288, 'statusesCount': 4902, 'favouritesCount': 5335, 'listedCount': 12, 'mediaCount': 991, 'location': 'Mumbai, India', 'protected': False, 'link': {'_type': 'snscrape.modules.twitter.TextLink', 'text': 'advaitamayurveda.com', 'url': 'http://www.advaitamayurveda.com', 'tcourl': 'https://t.co/PBY2iahR9u', 'indices': [0, 23]}, 'profileImageUrl': 'https://pbs.twimg.com/profile_images/1562148074419470336/FJPBPecB_normal.jpg', 'profileBannerUrl': 'https://pbs.twimg.com/profile_banners/75486287/1629554169', 'label': None, 'description': 'Hara Hara Mahadev... Bibliophile.. Ayurvedic consultant; Trainer, Cofounder - Advaitam Ayurveda', 'descriptionUrls': None, 'linkTcourl': 'https://t.co/PBY2iahR9u', 'linkUrl': 'http://www.advaitamayurveda.com', 'url': 'https://twitter.com/sereneloud'}",1,0,2,0,1620639019188248576,en,"<a href=""http://twitter.com/download/iphone"" rel=""nofollow"">Twitter for iPhone</a>",http://twitter.com/download/iphone,Twitter for iPhone,,,,,1.620652739507413e+18,"{'_type': 'snscrape.modules.twitter.User', 'username': 'PChandr43659403', 'id': 1398714554486431744, 'displayname': 'P Chandrasekaran', 'rawDescription': None, 'renderedDescription': None, 'descriptionLinks': None, 'verified': None, 'created': None, 'followersCount': None, 'friendsCount': None, 'statusesCount': None, 'favouritesCount': None, 'listedCount': None, 'mediaCount': None, 'location': None, 'protected': None, 'link': None, 'profileImageUrl': None, 'profileBannerUrl': None, 'label': None, 'description': None, 'descriptionUrls': None, 'linkTcourl': None, 'linkUrl': None, 'url': 'https://twitter.com/PChandr43659403'}","[{'_type': 'snscrape.modules.twitter.User', 'username': 'PChandr43659403', 'id': 1398714554486431744, 'displayname': 'P Chandrasekaran', 'rawDescription': None, 'renderedDescription': None, 'descriptionLinks': None, 'verified': None, 'created': None, 'followersCount': None, 'friendsCount': None, 'statusesCount': None, 'favouritesCount': None, 'listedCount': None, 'mediaCount': None, 'location': None, 'protected': None, 'link': None, 'profileImageUrl': None, 'profileBannerUrl': None, 'label': None, 'description': None, 'descriptionUrls': None, 'linkTcourl': None, 'linkUrl': None, 'url': 'https://twitter.com/PChandr43659403'}, {'_type': 'snscrape.modules.twitter.User', 'username': 'AyurvedaMonk', 'id': 160767921, 'displayname': 'Ayurveda Monk, The Dr. ü©∫üßò\u200d‚ôÇÔ∏èüçÄ', 'rawDescription': None, 'renderedDescription': None, 'descriptionLinks': None, 'verified': None, 'created': None, 'followersCount': None, 'friendsCount': None, 'statusesCount': None, 'favouritesCount': None, 'listedCount': None, 'mediaCount': None, 'location': None, 'protected': None, 'link': None, 'profileImageUrl': None, 'profileBannerUrl': None, 'label': None, 'description': None, 'descriptionUrls': None, 'linkTcourl': None, 'linkUrl': None, 'url': 'https://twitter.com/AyurvedaMonk'}, {'_type': 'snscrape.modules.twitter.User', 'username': 'HimalayaIndia', 'id': 423190436, 'displayname': 'Himalaya Wellness Company', 'rawDescription': None, 'renderedDescription': None, 'descriptionLinks': None, 'verified': None, 'created': None, 'followersCount': None, 'friendsCount': None, 'statusesCount': None, 'favouritesCount': None, 'listedCount': None, 'mediaCount': None, 'location': None, 'protected': None, 'link': None, 'profileImageUrl': None, 'profileBannerUrl': None, 'label': None, 'description': None, 'descriptionUrls': None, 'linkTcourl': None, 'linkUrl': None, 'url': 'https://twitter.com/HimalayaIndia'}]","{'_type': 'snscrape.modules.twitter.Coordinates', 'longitude': 72.74484, 'latitude': 18.845343}","{'_type': 'snscrape.modules.twitter.Place', 'id': '7929cea6bd5b32bd', 'fullName': 'Mumbai, India', 'name': 'Mumbai', 'type': 'city', 'country': 'India', 'countryCode': 'IN'}",,,,80,,"@PChandr43659403 @AyurvedaMonk @HimalayaIndia Very well said, precisely the reason I called them Herbal medicine company and not Ayurvedic",[],,[],,sereneloud
snscrape.modules.twitter.Tweet,https://twitter.com/sereneloud/status/1620649938513428481,2023-02-01 05:07:10+00:00,"@AyurvedaMonk @HimalayaIndia My understanding is that Himalaya although uses Ayurvedic herbs in their products justifies their action on modern principles. So it is more Herbology than Ayurveda. But then it is a win win situation for all 3 parties- Ayurveda, Allopathy n Himalayas themselves","@AyurvedaMonk @HimalayaIndia My understanding is that Himalaya although uses Ayurvedic herbs in their products justifies their action on modern principles. So it is more Herbology than Ayurveda. But then it is a win win situation for all 3 parties- Ayurveda, Allopathy n Himalayas themselves",1620649938513428481,"{'_type': 'snscrape.modules.twitter.User', 'username': 'sereneloud', 'id': 75486287, 'displayname': 'Zeal to learn....', 'rawDescription': 'Hara Hara Mahadev... Bibliophile.. Ayurvedic consultant; Trainer, Cofounder - Advaitam Ayurveda', 'renderedDescription': 'Hara Hara Mahadev... Bibliophile.. Ayurvedic consultant; Trainer, Cofounder - Advaitam Ayurveda', 'descriptionLinks': None, 'verified': False, 'created': '2009-09-19T05:57:17+00:00', 'followersCount': 1639, 'friendsCount': 288, 'statusesCount': 4902, 'favouritesCount': 5335, 'listedCount': 12, 'mediaCount': 991, 'location': 'Mumbai, India', 'protected': False, 'link': {'_type': 'snscrape.modules.twitter.TextLink', 'text': 'advaitamayurveda.com', 'url': 'http://www.advaitamayurveda.com', 'tcourl': 'https://t.co/PBY2iahR9u', 'indices': [0, 23]}, 'profileImageUrl': 'https://pbs.twimg.com/profile_images/1562148074419470336/FJPBPecB_normal.jpg', 'profileBannerUrl': 'https://pbs.twimg.com/profile_banners/75486287/1629554169', 'label': None, 'description': 'Hara Hara Mahadev... Bibliophile.. Ayurvedic consultant; Trainer, Cofounder - Advaitam Ayurveda', 'descriptionUrls': None, 'linkTcourl': 'https://t.co/PBY2iahR9u', 'linkUrl': 'http://www.advaitamayurveda.com', 'url': 'https://twitter.com/sereneloud'}",2,0,2,0,1620639019188248576,en,"<a href=""http://twitter.com/download/iphone"" rel=""nofollow"">Twitter for iPhone</a>",http://twitter.com/download/iphone,Twitter for iPhone,,,,,1.6206390191882486e+18,"{'_type': 'snscrape.modules.twitter.User', 'username': 'AyurvedaMonk', 'id': 160767921, 'displayname': 'Ayurveda Monk, The Dr. ü©∫üßò\u200d‚ôÇÔ∏èüçÄ', 'rawDescription': None, 'renderedDescription': None, 'descriptionLinks': None, 'verified': None, 'created': None, 'followersCount': None, 'friendsCount': None, 'statusesCount': None, 'favouritesCount': None, 'listedCount': None, 'mediaCount': None, 'location': None, 'protected': None, 'link': None, 'profileImageUrl': None, 'profileBannerUrl': None, 'label': None, 'description': None, 'descriptionUrls': None, 'linkTcourl': None, 'linkUrl': None, 'url': 'https://twitter.com/AyurvedaMonk'}","[{'_type': 'snscrape.modules.twitter.User', 'username': 'AyurvedaMonk', 'id': 160767921, 'displayname': 'Ayurveda Monk, The Dr. ü©∫üßò\u200d‚ôÇÔ∏èüçÄ', 'rawDescription': None, 'renderedDescription': None, 'descriptionLinks': None, 'verified': None, 'created': None, 'followersCount': None, 'friendsCount': None, 'statusesCount': None, 'favouritesCount': None, 'listedCount': None, 'mediaCount': None, 'location': None, 'protected': None, 'link': None, 'profileImageUrl': None, 'profileBannerUrl': None, 'label': None, 'description': None, 'descriptionUrls': None, 'linkTcourl': None, 'linkUrl': None, 'url': 'https://twitter.com/AyurvedaMonk'}, {'_type': 'snscrape.modules.twitter.User', 'username': 'HimalayaIndia', 'id': 423190436, 'displayname': 'Himalaya Wellness Company', 'rawDescription': None, 'renderedDescription': None, 'descriptionLinks': None, 'verified': None, 'created': None, 'followersCount': None, 'friendsCount': None, 'statusesCount': None, 'favouritesCount': None, 'listedCount': None, 'mediaCount': None, 'location': None, 'protected': None, 'link': None, 'profileImageUrl': None, 'profileBannerUrl': None, 'label': None, 'description': None, 'descriptionUrls': None, 'linkTcourl': None, 'linkUrl': None, 'url': 'https://twitter.com/HimalayaIndia'}]",,,,,,499,,"@AyurvedaMonk @HimalayaIndia My understanding is that Himalaya although uses Ayurvedic herbs in their products justifies their action on modern principles. So it is more Herbology than Ayurveda. But then it is a win win situation for all 3 parties- Ayurveda, Allopathy n Himalayas themselves",[],,[],,sereneloud
snscrape.modules.twitter.Tweet,https://twitter.com/MrAnkit26599/status/1620643668221923328,2023-02-01 04:42:15+00:00,"@AyurvedaMonk @HimalayaIndia In my city only two companies products considered to be Ayurvedic 1) Dabur 2) Vaidynath
Doctor can you tell me, are these trustworthy?","@AyurvedaMonk @HimalayaIndia In my city only two companies products considered to be Ayurvedic 1) Dabur 2) Vaidynath
Doctor can you tell me, are these trustworthy?",1620643668221923328,"{'_type': 'snscrape.modules.twitter.User', 'username': 'MrAnkit26599', 'id': 1251393549175713793, 'displayname': 'Ankit BarnwalüáÆüá≥', 'rawDescription': 'Proud Indian |\n Physics & Metaphysics Enthusiast |\nSanataniüïâÔ∏è | Vedanta | Books | Finance\n| Business', 'renderedDescription': 'Proud Indian |\n Physics & Metaphysics Enthusiast |\nSanataniüïâÔ∏è | Vedanta | Books | Finance\n| Business', 'descriptionLinks': None, 'verified': False, 'created': '2020-04-18T06:14:31+00:00', 'followersCount': 47, 'friendsCount': 84, 'statusesCount': 597, 'favouritesCount': 2665, 'listedCount': 0, 'mediaCount': 89, 'location': 'Deoria Uttar Pradesh', 'protected': False, 'link': None, 'profileImageUrl': 'https://pbs.twimg.com/profile_images/1606998111964233730/Nz8ZP9O5_normal.jpg', 'profileBannerUrl': 'https://pbs.twimg.com/profile_banners/1251393549175713793/1604591333', 'label': None, 'description': 'Proud Indian |\n Physics & Metaphysics Enthusiast |\nSanataniüïâÔ∏è | Vedanta | Books | Finance\n| Business', 'descriptionUrls': None, 'linkTcourl': None, 'linkUrl': None, 'url': 'https://twitter.com/MrAnkit26599'}",2,0,1,0,1620639019188248576,en,"<a href=""http://twitter.com/download/android"" rel=""nofollow"">Twitter for Android</a>",http://twitter.com/download/android,Twitter for Android,,,,,1.6206390191882486e+18,"{'_type': 'snscrape.modules.twitter.User', 'username': 'AyurvedaMonk', 'id': 160767921, 'displayname': 'Ayurveda Monk, The Dr. ü©∫üßò\u200d‚ôÇÔ∏èüçÄ', 'rawDescription': None, 'renderedDescription': None, 'descriptionLinks': None, 'verified': None, 'created': None, 'followersCount': None, 'friendsCount': None, 'statusesCount': None, 'favouritesCount': None, 'listedCount': None, 'mediaCount': None, 'location': None, 'protected': None, 'link': None, 'profileImageUrl': None, 'profileBannerUrl': None, 'label': None, 'description': None, 'descriptionUrls': None, 'linkTcourl': None, 'linkUrl': None, 'url': 'https://twitter.com/AyurvedaMonk'}","[{'_type': 'snscrape.modules.twitter.User', 'username': 'AyurvedaMonk', 'id': 160767921, 'displayname': 'Ayurveda Monk, The Dr. ü©∫üßò\u200d‚ôÇÔ∏èüçÄ', 'rawDescription': None, 'renderedDescription': None, 'descriptionLinks': None, 'verified': None, 'created': None, 'followersCount': None, 'friendsCount': None, 'statusesCount': None, 'favouritesCount': None, 'listedCount': None, 'mediaCount': None, 'location': None, 'protected': None, 'link': None, 'profileImageUrl': None, 'profileBannerUrl': None, 'label': None, 'description': None, 'descriptionUrls': None, 'linkTcourl': None, 'linkUrl': None, 'url': 'https://twitter.com/AyurvedaMonk'}, {'_type': 'snscrape.modules.twitter.User', 'username': 'HimalayaIndia', 'id': 423190436, 'displayname': 'Himalaya Wellness Company', 'rawDescription': None, 'renderedDescription': None, 'descriptionLinks': None, 'verified': None, 'created': None, 'followersCount': None, 'friendsCount': None, 'statusesCount': None, 'favouritesCount': None, 'listedCount': None, 'mediaCount': None, 'location': None, 'protected': None, 'link': None, 'profileImageUrl': None, 'profileBannerUrl': None, 'label': None, 'description': None, 'descriptionUrls': None, 'linkTcourl': None, 'linkUrl': None, 'url': 'https://twitter.com/HimalayaIndia'}]",,,,,,626,,"@AyurvedaMonk @HimalayaIndia In my city only two companies products considered to be Ayurvedic 1) Dabur 2) Vaidynath
Doctor can you tell me, are these trustworthy?",[],,[],,MrAnkit26599
snscrape.modules.twitter.Tweet,https://twitter.com/SmartyPantBot/status/1620343665347686406,2023-01-31 08:50:09+00:00,@KoVeIyer @theliverdr @HimalayaIndia your claiming your herbal medicine does not effect the liver and is stamped probably by a Ayurvedic doctor. A case in court will be an embarrassment for the company.,@KoVeIyer @theliverdr @HimalayaIndia your claiming your herbal medicine does not effect the liver and is stamped probably by a Ayurvedic doctor. A case in court will be an embarrassment for the company.,1620343665347686406,"{'_type': 'snscrape.modules.twitter.User', 'username': 'SmartyPantBot', 'id': 1571792402893123584, 'displayname': 'Kami Sama', 'rawDescription': 'To be or not to be.', 'renderedDescription': 'To be or not to be.', 'descriptionLinks': None, 'verified': False, 'created': '2022-09-19T09:24:55+00:00', 'followersCount': 48, 'friendsCount': 871, 'statusesCount': 2865, 'favouritesCount': 12230, 'listedCount': 0, 'mediaCount': 137, 'location': 'Toulouse, France', 'protected': False, 'link': None, 'profileImageUrl': 'https://pbs.twimg.com/profile_images/1633663489297502209/RAW-w27Y_normal.jpg', 'profileBannerUrl': 'https://pbs.twimg.com/profile_banners/1571792402893123584/1678114408', 'label': None, 'description': 'To be or not to be.', 'descriptionUrls': None, 'linkTcourl': None, 'linkUrl': None, 'url': 'https://twitter.com/SmartyPantBot'}",0,0,1,0,1620273097474727937,en,"<a href=""http://twitter.com/download/iphone"" rel=""nofollow"">Twitter for iPhone</a>",http://twitter.com/download/iphone,Twitter for iPhone,,,,,1.6203167777157448e+18,"{'_type': 'snscrape.modules.twitter.User', 'username': 'KoVeIyer', 'id': 393335004, 'displayname': 'Vijay', 'rawDescription': None, 'renderedDescription': None, 'descriptionLinks': None, 'verified': None, 'created': None, 'followersCount': None, 'friendsCount': None, 'statusesCount': None, 'favouritesCount': None, 'listedCount': None, 'mediaCount': None, 'location': None, 'protected': None, 'link': None, 'profileImageUrl': None, 'profileBannerUrl': None, 'label': None, 'description': None, 'descriptionUrls': None, 'linkTcourl': None, 'linkUrl': None, 'url': 'https://twitter.com/KoVeIyer'}","[{'_type': 'snscrape.modules.twitter.User', 'username': 'KoVeIyer', 'id': 393335004, 'displayname': 'Vijay', 'rawDescription': None, 'renderedDescription': None, 'descriptionLinks': None, 'verified': None, 'created': None, 'followersCount': None, 'friendsCount': None, 'statusesCount': None, 'favouritesCount': None, 'listedCount': None, 'mediaCount': None, 'location': None, 'protected': None, 'link': None, 'profileImageUrl': None, 'profileBannerUrl': None, 'label': None, 'description': None, 'descriptionUrls': None, 'linkTcourl': None, 'linkUrl': None, 'url': 'https://twitter.com/KoVeIyer'}, {'_type': 'snscrape.modules.twitter.User', 'username': 'theliverdr', 'id': 1130881384615071744, 'displayname': 'TheLiverDoc', 'rawDescription': None, 'renderedDescription': None, 'descriptionLinks': None, 'verified': None, 'created': None, 'followersCount': None, 'friendsCount': None, 'statusesCount': None, 'favouritesCount': None, 'listedCount': None, 'mediaCount': None, 'location': None, 'protected': None, 'link': None, 'profileImageUrl': None, 'profileBannerUrl': None, 'label': None, 'description': None, 'descriptionUrls': None, 'linkTcourl': None, 'linkUrl': None, 'url': 'https://twitter.com/theliverdr'}, {'_type': 'snscrape.modules.twitter.User', 'username': 'HimalayaIndia', 'id': 423190436, 'displayname': 'Himalaya Wellness Company', 'rawDescription': None, 'renderedDescription': None, 'descriptionLinks': None, 'verified': None, 'created': None, 'followersCount': None, 'friendsCount': None, 'statusesCount': None, 'favouritesCount': None, 'listedCount': None, 'mediaCount': None, 'location': None, 'protected': None, 'link': None, 'profileImageUrl': None, 'profileBannerUrl': None, 'label': None, 'description': None, 'descriptionUrls': None, 'linkTcourl': None, 'linkUrl': None, 'url': 'https://twitter.com/HimalayaIndia'}]",,,,,,72,,@KoVeIyer @theliverdr @HimalayaIndia your claiming your herbal medicine does not effect the liver and is stamped probably by a Ayurvedic doctor. A case in court will be an embarrassment for the company.,[],,[],,SmartyPantBot
