posted_by,content,likes
mgb foundation,elevate your self care routine with himalayagive yourself some well deserved me time with the himalaya purifying neem facial kit it ha all you need for some great self pampering and happy skin day see more,3.0
himalaya face care nepal,himalaya purifying neem face wash enriched with neem and turmeric work wonder to fight pimple and give you clear and pimple free healthy skin himalaya neemfacewash,201.0
bestowic,if you re looking for natural and effective way to care for your skin and body look no further than bestowic lemon and peppermint bath salt try it out today and experience the difference for yourself order now post healthylifestyle health aromaterapia aromatherapy instagood aroma insta bestowic bathsalts bathsaltswithbenefits himalayan himalayansalt,2.0
plant care today,pink banana how to grow and care for musa velutina,8.0
shikhar travel,looking for an unforgettable adventure join on our mt friendship expedition get ready to experience the breathtaking beauty of the himalaya and explore the charming town of manali with like minded traveler our expert team at shikhar travel will take care of all the detail so all you have to do is sit back relax and enjoy the journey from trekking through stunning landscape to indulging in delicious local cuisine this expedition promise to be an unforgettabâ€¦ see more,1.0
discount store,himalaya total care baby xl pant diaper nmrp our offer price â‚¹685you save 21 off visit the store or place an order,1.0
mom and baby care,mybabystrongest growwithhimalaya collaborationhello mom mother always be careful for my baby phele bahut jyada jankari leti hu ki kon sa product mere baby ke liye achha hai mai jab bhi massage oil choose karti hu bahut hi careful rehti hu ki right massage oil choose karu recently few day ago maine mere baby ke liye himalaya baby massage oil mustard use kiya jo mere baby ke liye ekdm right massage oil hai see more,87.0
medisoups online shop of ayurvedic unani personal care product,shilajit asphaltum punjabianum from himalaya 1299 net wt ml only at at 919310527245 help in boosting energy level reduce stress disorder and anxiety anti agingâ€¦ see more,3.0
yimpa charm,little self careproducts hairoil on onmoisturizer himalaya facecare see more,37.0
prof saroj rani art history aesthetic and folk study,shivaratri the worship of shiva and parvatishiva retro is celebrated in all the part of india people of all religion celebrate it it is complete text of human life shiva god ha specific iconography in the veda he is known rudra parvati is the counterpart of shiva both are one and known ardhanari ishwara brahma vishnu and shiva are the creator of the universe it is known trimurti shiva ha virulent character and become happy on smallâ€¦ see more,7.0
numis agro grower care enterprise,ğ’ğ“ğˆğ‡ğ‹ ğ–ğ ğ–ğ ğšğ§ğ ğ–ğ ğ–ğšğ­ğğ«ğ©ğ®ğ¦ğ©ğ¬ ğƒğˆğ’ğ‚ğğ”ğğ“ ğ”ğğ“ğ ğ…ğˆğğ€ğğ‚ğ„ ğ€ğ•ğ€ğˆğ‹ğ€ğğ‹ğ„ğ€ğ¯ğšğ¢ğ¥ğšğ›ğ¥ğ ğšğ­ ğ‡ğ¢ğ¦ğšğ¥ğšğ²ğš ğğ§ğ­ğğ«ğ©ğ«ğ¢ğ¬ğğ¬ğğ¥ğ ğğ®ğ¬ ğ’ğ­ğšğ§ğ ğğ®ğ¥ğ°ğšğ¦ğšğ‚ğ¨ğ§ğ­ğšğœâ€¦ see more,1.0
numis agro grower care enterprise,ğƒğˆğ’ğ‚ğğ”ğğ“ ğ”ğğ“ğ ğ…ğˆğğ€ğğ‚ğ„ ğ€ğ•ğ€ğˆğ‹ğ€ğğ‹ğ„ğ’ğ­ğ¢ğ¡ğ¥ ğğŸğŸğğ«ğ¬ ğ–ğ¢ğğ ğ«ğšğ§ğ ğ ğ¨ğŸ ğğ¨ğ°ğğ« ğ–ğğğğğ«ğ¬ğ€ğ¯ğšğ¢ğ¥ğšğ›ğ¥ğ ğšğ­ ğ‡ğ¢ğ¦ğšğ¥ğšğ²ğš ğğ§ğ­ğğ«ğ©ğ«ğ¢ğ¬ğğ¬ğğ¥ğ ğğ®ğ¬ ğ’ğ­ğšğ§ğ ğğ®ğ¥ğ°ğšğ¦ğšğ‚ğ¨ğ§ğ­ğšğœğ­â€¦ see more,1.0
genie in bottle,jointhegibtribe these oil are magic for your skin everyone asks me how my skin glow so much and this for someone whose face would always be covered in breakout excerpt from facebook review rhea singh former captain at interglobe aviation ltd indigo genie in bottle pure oil blend mist made with love see more,2.0
pet fed,pet fed mumbai st nd januaryjust dog present pet fed mumbai powered by purina supercoat india and co powered by zigly in association with himalaya companion care it wa just paw fect with lick boops feline food fun drink doggos lot more here are some moment captured at the cutestweekend of the year tag yourself and share it with your friend picture credit aishwarya ankush chetan glen harsh jainil karishma mrunal niâ€¦ see more,28.0
tantan au ladakh,many people asked me what you doing during winter in ladakh said we relax and enjoy our festival thats were mostly related to our ancestor see more,583.0
care himalaya,carehimalaya,3.0
la mere maternity clothing store is at kombodinjamakkal,himalaya giftpacks baby care available,1.0
indiahikes,we are introducing trekking summer camp for child in the himalaya having taken over child trekking in the himalaya over the past decade we know that this one exposure can change your child entire outlook and approach to life so for the coming summer we have launched two level of summer campsâ€¦ see more,14.0
hajra ahmad photography,dyed with patience care and natural material lena ladakh produce pashmina that will last lifetime onassignment lenaladakh pashmina sustainablefashion sustainable naturaldye ladakh himalaya naturalweaves,16.0
zh pet care,available nahimalaya himpyrinfor more discounted product you can purchase to our lazada shop check out below linkshtâ€¦ see more,2.0
care himalaya,carehimalaya anuj,7.0
beauty skin and hair care clinic,botox treatment benefitsits many benefit include more hydrated bright plump and clear complexion plus it can also improve sign of aging the treatment reduces fine line and wrinkle increase firmness even tone texture and brown spot well reducing enlarged pore call today see more,5.0
chando himalaya official,you may have an entire shelf of serum for your face but what about your scalp chando himalaya sensitive scalp care essence is created to give irritated scalp some much needed care and attention fresh cooling leave in formula invigorates scalp and soothes to provide instant scalp relief no rinsing required see more,1.0
mgb foundation is in alwar city,wish that this auspicious occasion of shivratri fill your life with positivity by destroying all the darkness and problem around you may the chanting of om namah shivay bless you and your loved one against all negativity best wish to all on mahashivratri when you care for your body somebody get â€˜care all earnings from this initiative go to alamchand gandhi charitable trustâ€¦ see more,1.0
lotus valley international school gurugram,lung care foundation lcf wa established on th may not for profit organization dedicated to the cause of promoting â€˜lung health in india socho na an anthem for clean air wa originally composed by lung care foundation the song urge the citizen to make ecologically responsible decision and adopt environmentally friendly lifestyle to help curb air pollution competition organised by lcf wherein learner conjointly re created existing version and renditiâ€¦ see more,11.0
himalaya hair care,when herbal ingredient like bhringaraja and palasha come together you get strong healthy and happy hair with up to le hair fall himalayahaircare antihairfallshampoo hairfalltreatment hairfall clinicallyproven healthy goodhair,6.0
fur the pet is at furstop pet care,shop for your furbabies pet essential now pet food dog food cat food sack see more,4.0
tantan au ladakh,love all trust few do wrong to none do follow tantan au ladakh for more photo and video reel of leh ladakh himalaya see more,8.0
pruthvi dhairya is at chhatra pati shivaji international airport mumbai depature,wherever you go our understanding follows himalaya baby care room now at major airport more comfort more flexibility simply awesome and most importantly free of cost himalaya babycare thanks for this initiative himalayababyfeedingroom himalayababycare happybabyzone costfreehimalayafeedingroom himalaya bestbrandforkidsâ€¦ see more,6.0
smile baby world toy baby care showroom in vastral,here is the february for fabulous mom get any branded baby care cosmetic item with discount grab this offer during february call whatsapp on 000 or visit our showroom today see more,2.0
himalaya personal care,with our al natural product we take care of your every need let himalaya be your partner this valentine day we wish you happy day himalayaindia himalayawellness himalayapersonalcare valentinesdayspecial valentinesday valentineday vday,10.0
mummaboy kannu kartik sharma,my little one deserves the best care and love and trust only flipkart flipkartlifestyle one stop destination for all my baby need with wide variety of authentic product which are paraben sulfate free easy return super quick delivery it really help me be hand on mom for my baby have received this amazing gift hamper from flipkart with product from himalaya babycare huggiesin daburindialtd luvlap in johnsonsbabyindia slurrpfarm mycocâ€¦ see more,1.0
happy mummy baby care health food tip join,mybabystrongest growwithhimalaya collaborationhello mom baby massage are very important and we know that few week ago had told you all that have started using the new himalaya baby massage oil mustard on my baby it ha made my baby skin soft nourished and made his muscle strong too see more,146.0
mgb foundation is in alwar,cup of tea solves everything special himalaya green tea shop from the himalaya exclusive outlet in alwar abmh medical at ambedkar circle alwar mgbfoundationalwar see more,2.0
puja bhandari is at ahemdabad gujarat,himalaya baby care have dedicated happy baby zone to airport in ahemdabad it very convenient for mother to feed the baby while we are at the airport change baby diaper or put them off to sleep the room ha all the facility provided free of cost for the user and did not pay any addtional charge for using the service thanks himalaya babycare for this initiative himalayababyfeedingroom himalayababycare happybabyzone costfreehimalayafeedingroom see more,10.0
beingmomandbeyond is at nainital uk,we all love travelling but isn that easy specially when it come to feeding you baby and changing diaper frequentlyfor which we need privacy hygiene and comfort himalaya babycare is giving all these at one placethese feeding room are specially designed for mom and baby taking care of their privacy and comfort after seeing these feeding room by himalaya really happy and think it blessing for all mom out there specially in india it is completely free ofâ€¦ see more,6.0
prashant patel,here is the february for fabulous mom get any branded baby care cosmetic item with discount grab this offer during february calâ€¦ see more,2.0
buddy life magazine no dog magazine,himalaya companion care companioncare himalayacompanioncare healthypetfood mobilityplus dogproducts,6.0
care himalaya,carehimalaya anuj,6.0
shivraj sungrolu,himalaya liver care livercare,1.0
ayush care,star review from samanth himalaya confido tablet,1.0
ayurveda in nepal nirogam,himalaya quista pro protein from why power blend kghimalaya quista pro provides the right balance of nutrient for muscle buildup and hastens the process of muscle recovery post workout himalaya quista pro improves your stamen which is the key to sustain and carry healthy workout regime for the long run himalaya quista pro take care of your bone and muscle health while you follow strict workout routine it special nutrient rich formula help maintain bone see more,1.0
care himalaya,carehimalaya,4.0
mgb foundation is in alwar,squeaky clean squeaky freshspecial tulsi and lemon hand wash be aware wash with carehandwashing and caring go together when you care for your body somebody get â€˜care see more,2.0
cayman breast cancer foundation,thank you himalaya wellness cayman ltd for your donation health wellness bcfcayman bcfcayman fundraising walk walking breastcancer fightcancer breastcancerfoundation mammogramssavelives cancerfree awareness breastcancerawareness support mammogram prosthetics kindness charity event medical oncology care family cayman grandcayman caymanislands,3.0
care himalaya,carehimalaya,6.0
istoria pe rÄƒzÄƒtoare,astÄƒzi ne despÄƒrÈ›im de ovidiu bojor noi febr academician farmacist de renume È™i autor zeci de cÄƒrÈ›i È™i tratate de fitoterapie alpinist Ã®ncercat in himalaya È™i iubitor al lumii plantelor Ã®n toata profunzimea ei ovidiu bojor trÄƒit iubire de peste de ani orice gest care izvorÄƒÈ™te din dragoste din adÃ¢ncul sufletului ridicÄƒ iubirea pietricicÄƒ frunzÄƒ un avion de hÃ¢rtie pe care Ã®l dÄƒruieÈ™ti cu toata dragostea impregnat de tine altmâ€¦ see more,931.0
himalaya crop care himalaya seed,premium quality high yielding variety,1.0
himalaya face care nepal,this valentine day give your skin the gift of love with himalaya rose face wash made with pure rose extract that help to unveil your skin natural glow available at your nearest bhat bhateni store now himalaya himalayarosefacewash happyvalentinesday,191.0
himalaya companion care,love is in the air and we would love to see your lovely snap tag in your story and post this valentine day and get chance to be featured on our page happyvalentinesday pawrenting petlovers petcare pethealth pet furryfriends petlove petsofinstagram dogsofinstagram dog pet love valentinesday,4.0
suryavilas luxury resort and spa,suryavilas beckons you to discover the serene tranquillity of the himalaya where the echo of your breath lead you to place of peace and rejuvenation relax renew and restore yourself with calm care and cure suryavilas solan call at see more,8.0
himalaya personal care,here our easy step by step guide to combat winter harshness â€‹simply moisturiseâ€‹ nourish see more,16.0
care himalaya,carehimalaya,1.0
home shopping delivery service,ğ‘»ğ’‰ğ’Šğ’” ğ‘½ğ’‚ğ’ğ’†ğ’ğ’•ğ’Šğ’ğ’† ğ’šğ’ğ’– ğ’ğ’†ğ’†ğ’… ğ’•ğ’ ğ’‡ğ’ğ’ğ’ğ’ğ’˜ ğ’šğ’ğ’–ğ’“ ğ’„ğ’‚ğ’“ğ’• ğ’‚ğ’• ğ‘¯ğ‘ºğ‘«ğ‘º himalaya vanilla lip care eternity day cream ml at hsdsonline câ€¦ see more,1.0
beauty skin and hair care clinic,pigmentation and acne removal treatmentall skin and hair treatment in one placethe treatment imparts radiant glow to the skin it give your skin smooth appearance and reduces the pore size see more,5.0
himalaya malaysia,beware viral fever is going viral please take care of your family and yourself stay healthy,5.0
himalaya personal care,want to win something exciting this vday tell how you do your self care with himalaya in the comment below hurry up before the contest end lucky winner will win exciting goody how to win comment your self care routine with himalaya this valentine day see more,16.0
himalaya personal care,viva magenta is the colour for and we are not complaining â€‹please note himalaya cherry shine lip care is similar to viva magenta but not the exact colour tap here to add similar beautiful shade to your lip kit see more,8.0
care himalaya,carehimalaya anuj,3.0
imran jabri is with mohammad rafeeq and others,himalaya baby care pampers and all baby related product available in one roof today the opening ceremony of himalaya baby care center rajaram nagar colony armoor dist nizamabad telangana opening ceremony by the hand of trs constancy incharge mr rajeshwar reddy sir mr sunkari ramesh trs rajaram nagar ward councilor mr syed ateeq ahmed nazneen sulana sayeedabad trs councilor mr ayyapa srinivas trs councilor and mr pandit prem trs leader armoor attend the opening ceremony,36.0
care himalaya,carehimalaya,9.0
