title,price,description,url
ashvagandha,200.0,help boost immunity and overall endurance fact derived from ayurveda text and modern research ashvagandha build strength and immunity by improving the overall capacity of the body to fight infection and disease,https://himalayawellness.in/collections/all/products/ashvagandha
gokshura,220.0,improves vigour,https://himalayawellness.in/collections/all/products/gokshura
tentex royal,225.0,relief stress improves performance himalaya tentex royal increase energy improves performance and uplift mood,https://himalayawellness.in/collections/all/products/tentex-royal
tentex forte,90.0,rejuvenate elevate your performance himalaya tentex forte help increase strength improves power and stamen,https://himalayawellness.in/collections/all/products/tentex-forte
complete care toothpaste,55.0,healthy gum strong teeth fresh breath himalaya complete care toothpaste is an advanced herbal formulation that not only protects from germ but also ha antioxidant that help protect teeth against free radical and help maintain gum in good health,https://himalayawellness.in/collections/all/products/complete-care-toothpaste
ayurveda clear skin soap,67.0,ayurvedic oil bath now in soap ayurveda clear skin soap ha unique formulation that nourishes skin and help improve the complexion,https://himalayawellness.in/collections/all/products/ayurveda-clear-skin-soap
purifying neem face wash,205.0,clinically proven pimple free healthy skin expert himalaya purifying neem face wash is soap free formulation that clean impurity and help clear pimple,https://himalayawellness.in/collections/all/products/purifying-neem-face-wash
dee cramp,45.0,quick dissolve quick relief relief from monthly cramp and discomfort dissolve in second doe not require water quick onset of action start acting in minute,https://himalayawellness.in/collections/all/products/q-dee-cramps
himalaya ayurveda sandal glow soap,60.0,ayurveda based pure sandalwood oil in soap for nourished glowing skin,https://himalayawellness.in/collections/all/products/himalaya-ayurveda-sandal-glow-soap
confido,170.0,give the confidence you need himalaya confido reduces anxiety improves performance and increase confidence,https://himalayawellness.in/collections/all/products/confido
neem turmeric soap,54.0,clean and purifies skin himalaya neem turmeric soap blend together all the goodness of neem turmeric and lemon,https://himalayawellness.in/collections/all/products/neem-turmeric-soap
anti hair fall shampoo,75.0,reduces hair fall make hair healthy himalaya anti hair fall shampoo is breakthrough in formula that help reduces hair fall and provides nourishment to hair,https://himalayawellness.in/collections/all/products/anti-hair-fall-shampoo
himalaya gasex fizz,9.0,instant relief from acidity quick relief from gas and indigestion,https://himalayawellness.in/collections/all/products/himalaya-gasex-fizz
himcolin gel,210.0,himcolin gel,https://himalayawellness.in/collections/all/products/himcolin-gel
ayurslim capsule,280.0,keep fit naturally,https://himalayawellness.in/collections/all/products/ayurslim-capsules
rumalaya active spray,165.0,start relieving pain in minute,https://himalayawellness.in/products/rumalaya-active-spray
cherry shine lip care,160.0,naturally glossy soft and nourished lip himalaya cherry shine lip care is luxurious lip balm enriched with natural color and antioxidant such vitamin the sweet cherry oil and nourishing ingredient in the product help in caring for and protecting your lip from environmental damage and aid in enhancing natural lip color the lip balm moisture lock formula help keep your lip soft and supple,https://himalayawellness.in/products/cherry-shine-lip-care
berry shine lip care,160.0,naturally glossy soft and nourished lip himalaya berry shine lip care is luxurious lip balm enriched with natural color and antioxidant such vitamin the berry oil complex rich blend of blackberry cranberry and blueberry seed oil and nourishing ingredient help in caring for and protecting your lip from environmental damage and aid in enhancing natural lip color the lip balm moisture lock formula help keep your lip soft and supple,https://himalayawellness.in/products/berry-shine-lip-care
aloe vera refreshing body gel,350.0,moisturizes cool and soothes skin himalaya aloe vera refreshing body gel is formulated with the goodness of aloe vera gel our product moisturizes cool and soothes skin giving fresh soft supple and non oily feel the body gel dermatologically tested is light and non greasy moisturizer for daily use there are no artificial color and the product is free from parabens phthalates and methylisothiazolinone mit you can use it for gentle massage to refresh your skin or to soothe dry irritated or sunburnt skin,https://himalayawellness.in/products/aloe-vera-refreshing-body-gel
scavon vet cream,65.0,topical antimicrobial himalaya scavon vet cream is an anti infective broad spectrum antimicrobial and antibacterial wound healer that promotes wound healing by rapid collagenization and epithelialization of tissue,https://himalayawellness.in/products/scavon-vet-cream
crème cleansing baby bar,150.0,gentle care for newborn and baby with sensitive skin himalaya crème cleansing baby bar is mild and gentle cleansing bar for baby which is formulated with skin friendly ph of to ensure that baby delicate skin remains healthy it consists of blend of herb oil butter complex that help lock in moisture and keep baby skin soft smooth and moisturized,https://himalayawellness.in/products/creme-cleansing-baby-bar
himalaya vegecort cream,100.0,for eczema relief,https://himalayawellness.in/products/himalaya-vegecort-cream
himalaya active fresh miswak mouthwash,115.0,for healthy gum no alcohol no burning sensation himalaya active fresh miswak mouthwash is an advanced herbal formulation with the goodness of miswak and menthol it prevents plaque buildup and mouth odor for healthy gum strong teeth and long lasting fresh breath naturally,https://himalayawellness.in/products/himalaya-active-fresh-miswak-mouthwash
ashvagandha,200.0,help boost immunity and overall endurance fact derived from ayurveda text and modern research ashvagandha build strength and immunity by improving the overall capacity of the body to fight infection and disease,https://himalayawellness.in/products/ashvagandha
gokshura,220.0,improves vigour,https://himalayawellness.in/products/gokshura
tentex royal,225.0,relief stress improves performance himalaya tentex royal increase energy improves performance and uplift mood,https://himalayawellness.in/products/tentex-royal
tentex forte,90.0,rejuvenate elevate your performance himalaya tentex forte help increase strength improves power and stamen,https://himalayawellness.in/products/tentex-forte
complete care toothpaste,55.0,healthy gum strong teeth fresh breath himalaya complete care toothpaste is an advanced herbal formulation that not only protects from germ but also ha antioxidant that help protect teeth against free radical and help maintain gum in good health,https://himalayawellness.in/products/complete-care-toothpaste
ayurveda clear skin soap,67.0,ayurvedic oil bath now in soap ayurveda clear skin soap ha unique formulation that nourishes skin and help improve the complexion,https://himalayawellness.in/products/ayurveda-clear-skin-soap
purifying neem face wash,205.0,clinically proven pimple free healthy skin expert himalaya purifying neem face wash is soap free formulation that clean impurity and help clear pimple,https://himalayawellness.in/products/purifying-neem-face-wash
dee cramp,45.0,quick dissolve quick relief relief from monthly cramp and discomfort dissolve in second doe not require water quick onset of action start acting in minute,https://himalayawellness.in/products/q-dee-cramps
himalaya ayurveda sandal glow soap,60.0,ayurveda based pure sandalwood oil in soap for nourished glowing skin,https://himalayawellness.in/products/himalaya-ayurveda-sandal-glow-soap
confido,170.0,give the confidence you need himalaya confido reduces anxiety improves performance and increase confidence,https://himalayawellness.in/products/confido
liv,190.0,unparalleled in liver care,https://himalayawellness.in/collections/all/products/liv-52-ds
partysmart capsule,80.0,the hangover prevention capsule experience hangover free morning with the goodness of herb partysmart is an herbal formulation that help prevents hangover it is clinically proven safe and effective when you consume alcohol it is broken down into acetaldehyde acetaldehyde is primarily responsible for hangover the build up of acetaldehyde in the liver lead to hangover or not so good morning himalaya partysmart help prevents hangover by preventing acetaldehyde build up in the liver leading to better morning alleviates the symptom of hangover such headache nausea drowsiness fatigue and body ache burning sensation in the stomach,https://himalayawellness.in/collections/all/products/partysmart-capsules
natural glow kesar face cream,100.0,nature goodness for naturally glowing face himalaya natural glow kesar face cream come with the goodness of kashmiri kesar,https://himalayawellness.in/collections/all/products/natural-glow-kesar-face-cream
pain balm strong,45.0,fast relief from pain naturally enriched with the goodness of indian winter green mint and chir pine oil,https://himalayawellness.in/collections/all/products/pain-balm-strong
triphala,180.0,relief constipation fact derived from ayurveda text and modern research triphala provides gentle pro kinetic effect on the bowel and help relieve long standing constipation,https://himalayawellness.in/collections/all/products/triphala
anti hair fall hair oil,140.0,promotes hair growth prevents hair fall himalaya anti hair fall hair oil help reduce hair fall and promotes hair growth,https://himalayawellness.in/collections/all/products/anti-hair-fall-hair-oil
sparkling white toothpaste,60.0,no chemical bleach himalaya sparkling white toothpaste is breakthrough herbal formulation based on plant enzyme technology that gently remove surface stain on your teeth,https://himalayawellness.in/collections/all/products/sparkling-white-toothpaste
arjuna,220.0,versatile cardioprotective fact derived from ayurveda text and modern research arjuna help in improving coronary artery blood flow reducing the chance of clot formation and protects the heart muscle,https://himalayawellness.in/collections/all/products/arjuna
baby powder,150.0,to keep cool and stay fresh himalaya baby powder is formulated with herbal ingredient which help keep baby skin cool and comfortable,https://himalayawellness.in/collections/all/products/baby-powder
brahmi,180.0,improves alertness fact derived from ayurveda text and modern research brahmi help calm the mind promote clarity of thought and memory consolidation,https://himalayawellness.in/collections/all/products/brahmi
kapikachhu,180.0,kapikachhu,https://himalayawellness.in/collections/all/products/kapikachhu
gentle baby shampoo,95.0,special care for nourished hair himalaya gentle baby shampoo is mild “no tear shampoo that gently clean hair making it soft shiny and easy to manage,https://himalayawellness.in/collections/all/products/gentle-baby-shampoo
septilin,180.0,build the body own defense mechanism,https://himalayawellness.in/collections/all/products/septilin
himalaya ayurveda gum care toothpaste,60.0,tightens gum strengthens teeth and remove plaque himalaya ayurveda gum care toothpaste is holistic herbal formulation based on the trusted practice of ayurveda dental care danta swasthya and modern science to remove plaque fight germ and help tighten gum it is enriched with ayurvedic herb for healthy gum this toothpaste is designed with unique ingredient vaikranta bhasma traditionally used natural source of fluoride which help strengthen teeth,https://himalayawellness.in/collections/all/products/himalaya-ayurveda-gum-care-toothpaste
anti dandruff shampoo,75.0,fight dandruff make hair healthy himalaya anti dandruff shampoo effectively fight dandruff and provides nourishment to the hair,https://himalayawellness.in/collections/all/products/anti-dandruff-shampoo
shatavari,200.0,promotes lactation fact derived from ayurveda text and modern research shatavari support lactating mother by improving prolactin hormone level ensuring optimum breastfeeding,https://himalayawellness.in/collections/all/products/shatavari
liv 52,150.0,unparalleled in liver care,https://himalayawellness.in/collections/all/products/liv-52
guduchi,165.0,strengthens immunity fact derived from ayurveda text and modern research guduchi help increase the effectiveness of protective white blood cell which fight infection,https://himalayawellness.in/collections/all/products/guduchi
almond rose soap,33.0,moisturizes and cool skin himalaya almond rose soap come with the goodness of almond and rose help leaf your skin feel soft,https://himalayawellness.in/collections/all/products/almond-rose-soap
himalaya moisturizing aloe vera face gel,85.0,moisturizing aloe vera face gel,https://himalayawellness.in/collections/all/products/himalaya-moisturizing-aloe-vera-face-gel
koflet sf lozenge,33.0,koflet sf lozenge is sugar free non sedating and soothing cough suppressant with the goodness of herbal active,https://himalayawellness.in/collections/all/products/koflet-sf-lozenge
quista pro chocolate,2950.0,advanced whey formula for next level result himalaya quista pro first of it kind whey protein packed with naturally rich amino acid bcaa that metabolize directly in the muscle,https://himalayawellness.in/collections/all/products/quista-pro-chocolate
natural shine henna,75.0,soft shiny and healthy hair himalaya natural shine henna is unique blend made with the purest quality of rajasthani henna,https://himalayawellness.in/collections/all/products/natural-shine-henna
baby lotion,165.0,natural moisturizer himalaya baby lotion help keep baby skin soft and supple,https://himalayawellness.in/collections/all/products/baby-lotion
ophthacare eye drop,70.0,for optimal eye care,https://himalayawellness.in/collections/all/products/ophthacare-eye-drops
gentle baby soap,55.0,especially for baby gentle skin himalaya gentle baby soap is formulated to gently cleanse and condition your baby skin leaving it soft and hydrated,https://himalayawellness.in/collections/all/products/gentle-baby-soap
footcare cream,55.0,moisturizes and soothes foot himalaya footcare cream care for your cracked heel and rough foot with natural ingredient,https://himalayawellness.in/collections/all/products/footcare-cream
rumalaya active spray,165.0,start relieving pain in minute,https://himalayawellness.in/collections/all/products/rumalaya-active-spray
abana,155.0,antihyperlipidaemic,https://himalayawellness.in/collections/all/products/abana
baby cream,150.0,loving layer of protection himalaya baby cream is specially formulated to protect your little one chapped cheek crawler knee tender nose and rubbed elbow,https://himalayawellness.in/collections/all/products/baby-cream
cucumber coconut soap,34.0,refreshes and rejuvenates skin himalaya cucumber coconut soap is ideal for rejuvenating and refreshing your skin,https://himalayawellness.in/collections/all/products/cucumber-coconut-soap
stain removal toothpaste,80.0,no chemical bleach himalaya stain removal toothpaste is an advanced herbal formulation that us plant enzyme technology,https://himalayawellness.in/collections/all/products/stain-removal-toothpaste
gentle daily care protein shampoo,75.0,clean gently make hair healthy himalaya gentle daily care protein shampoo ha mild formulation for those who lead an active life requiring frequent shampooing,https://himalayawellness.in/collections/all/products/gentle-daily-care-protein-shampoo
shallaki,180.0,reduces pain and inflammation fact derived from ayurveda text and modern research support the prevention of excessive joint wear and tear by inhibiting glycosaminoglycans degradation the structural element of joint cartilage supporting normal lubrication and shock absorbing essential for proper joint structure and function,https://himalayawellness.in/collections/all/products/shallaki
anti dandruff hair oil,125.0,control dandruff and revitalizes hair keep scalp healthy himalaya anti dandruff hair oil fight dandruff and nourishes the scalp and keep hair healthy,https://himalayawellness.in/collections/all/products/anti-dandruff-hair-oil
lip balm,40.0,nourishes lip himalaya lip balm designed with the time tested herb relief sore and chapped lip especially during the winter season,https://himalayawellness.in/collections/all/products/lip-balm
cold balm,125.0,relief nasal and chest congestion himalaya cold balm is soothing balm that relief nasal and chest congestion,https://himalayawellness.in/collections/all/products/cold-balm
himalaya natural glow kesar face gel,85.0,look beautiful glow naturally,https://himalayawellness.in/collections/all/products/himalaya-natural-glow-kesar-face-gel
honey cream soap,33.0,nourishes and moisturizes skin specially formulated soap for normal to dry skin honey cream soap nourishes softens your skin,https://himalayawellness.in/collections/all/products/honey-cream-soap
speman,180.0,speman,https://himalayawellness.in/collections/all/products/speman
himalaya clear complexion brightening mulethi face sheet mask,75.0,instantly hydrate for glowing skin himalaya clear complexion brightening mulethi face sheet mask is infused with special blend of hyaluronic acid that help with skin hydration plant based brightening active mulethi and indian lotus that contain skin conditioner that condition and soften rough skin this face sheet mask is the ultimate solution for beautiful radiant skin with natural glow instantly brightens to reveal glowing skin,https://himalayawellness.in/collections/all/products/himalaya-clear-complexion-brightening-mulethi-face-sheet-mask
antiseptic cream,45.0,multipurpose cream himalaya antiseptic cream is soothing cream enriched with nature goodness which accelerates the healing of injured skin,https://himalayawellness.in/collections/all/products/antiseptic-cream
koflet lozenge,20.0,provides the joy of relief,https://himalayawellness.in/collections/all/products/koflet-lozenges
punarnava,220.0,in ayurveda punarnava mean “that which rejuvenates or renews the body,https://himalayawellness.in/collections/all/products/punarnava
mentat,130.0,channelizes mental energy,https://himalayawellness.in/collections/all/products/mentat
lasuna,190.0,regulates cholesterol fact derived from ayurveda text and modern research lasuna lower the blood lipid level by modulating key enzyme in the liver responsible for cholesterol biosynthesis,https://himalayawellness.in/collections/all/products/lasuna
pimple clear cream,45.0,control pimple keep skin soft himalaya pimple clear cream effectively treat pimple and skin eruption,https://himalayawellness.in/collections/all/products/pimple-clear-cream
clear complexion brightening face wash,80.0,visibly brighter clearer and glowing skin himalaya clear complexion brightening face wash clean and clarifies impurity revealing clear radiant and even complexion,https://himalayawellness.in/collections/all/products/clear-complexion-brightening-face-wash
hadjod,190.0,strengthens bone fact derived from ayurveda text and modern research hadjod accelerates the healing of fracture by supporting the delicate healthy equilibrium between bone restoration and bone formation,https://himalayawellness.in/collections/all/products/hadjod
quista active,300.0,researched nutritional supplement for adult to keep you active and energized quista active is scientifically designed nutritional supplement for adult which combine ingredient that help improve nutritional status and keep adult fit and energized quista active contains ingredient that are known to help enhance energy and stamen support immunity and digestive health and promote bone and joint health among adult available in chocolate and milk masala flavor,https://himalayawellness.in/collections/all/products/quista-active
total care baby pant,950.0,total care and protection of baby skin himalaya total care baby pant are one step diaper solution specially designed for comfort protection and total care of baby skin,https://himalayawellness.in/collections/all/products/total-care-baby-pants
gentle baby wipe,200.0,simple smart wipe infused with the goodness of aloe vera and indian lotus extract,https://himalayawellness.in/collections/all/products/gentle-baby-wipes
baby massage oil,60.0,nurture growth and strengthens bond with your baby daily massage with himalaya baby massage oil help improve your baby growth and development,https://himalayawellness.in/collections/all/products/baby-massage-oil
moisturizing aloe vera face wash,210.0,cool and softens dry skin himalaya moisturizing aloe vera face wash is soap free formulation that take care of your skin after every wash unlike soap it gently clean without over drying the skin,https://himalayawellness.in/collections/all/products/moisturizing-aloe-vera-face-wash
purehands hand sanitizer,50.0,purehands hand sanitizer,https://himalayawellness.in/collections/all/products/purehands
methi,165.0,support healthy glucose metabolism and lipid level,https://himalayawellness.in/collections/all/products/methi
quista kidz,325.0,nutrition partner in your child healthy growing year child formative year are critical for rapid development in their physical cognitive and socio emotional domain quista kidz offer holistic approach to help achieve vital milestone in your child life this scientifically researched nutritional supplement is the amalgamation of traditional ingredient and vital nutrient that support your child overall development and well being,https://himalayawellness.in/collections/all/products/quista-kidz
anti wrinkle cream,270.0,reduces wrinkle fine line and skin roughness himalaya anti wrinkle cream is perfect solution for younger looking skin,https://himalayawellness.in/collections/all/products/anti-wrinkle-cream
gasex,145.0,improves digestion relief gaseous distension,https://himalayawellness.in/collections/all/products/gasex
nourishing skin cream,85.0,light non greasy himalaya nourishing skin cream is light non greasy daily use cream which provides all day moisturizing nourishment and protection against dryness,https://himalayawellness.in/collections/all/products/nourishing-skin-cream
himalaya pure hand tulsi lemon deep cleansing hand wash,50.0,leaf hand grease and odor free himalaya pure hand tulsi lemon deep cleansing hand wash is enriched with the goodness of tulsi,https://himalayawellness.in/collections/all/products/himalaya-pure-hands-tulsi-lemon-deep-cleansing-hand-wash
himalaya youth eternity face sheet mask,85.0,instantly hydrate for visibly plumper skin,https://himalayawellness.in/collections/all/products/himalaya-youth-eternity-face-sheet-mask
blackhead clearing walnut face scrub,150.0,remove dead skin cell and blackhead help stimulate cell renewal himalaya blackhead clearing walnut face scrub exfoliates dead skin to remove impurity that routine cleansing cannot tackle,https://himalayawellness.in/collections/all/products/blackhead-clearing-walnut-face-scrub
extra moisturizing baby soap,80.0,gently clean without causing post bath dryness himalaya extra moisturizing baby soap is designed to cleanse baby skin without causing post bath dryness and for use in winter indian aloe almond oil and olive oil are well known moisturizers which help prevent post bath dryness,https://himalayawellness.in/collections/all/products/extra-moisturizing-baby-soap
cocoa butter intensive body lotion,160.0,deeply moisturizes and repair dry skin,https://himalayawellness.in/collections/all/products/cocoa-butter-intensive-body-lotion
shigru,180.0,reduces joint stiffness fact derived from ayurveda text and modern research shigru target key enzyme that facilitate the release of pro inflammatory chemical in the joint to help suppress inflammation and pain,https://himalayawellness.in/collections/all/products/shigru
shuddha guggulu,250.0,regulates lipid fact derived from ayurveda text and modern research the key active ingredient in shuddha guggulu guggulsterones help regulate critical biochemical step in the liver and intestine that decrease cholesterol uptake,https://himalayawellness.in/collections/all/products/shuddha-guggulu
dee acidity,40.0,quick dissolve quick relief relief symptom of hyperacidity on the go dee acidity help ease the symptom associated with hyperacidity such heartburn and sour belching dissolve in second doe not require water quick onset of action start acting in minute,https://himalayawellness.in/collections/all/products/q-dee-acidity
koflet syrup,100.0,the cough reliever,https://himalayawellness.in/collections/all/products/koflet-syrup
neem,180.0,control acne fact derived from ayurveda text and modern research the herb help alleviate skin inflammation induced by acne causing bacteria,https://himalayawellness.in/collections/all/products/neem
rumalaya forte,165.0,rumalaya forte,https://himalayawellness.in/collections/all/products/rumalaya-forte
himalaya natural glow rose face wash,79.0,the goodness of rose to reveal your natural glow,https://himalayawellness.in/collections/all/products/himalaya-natural-glow-rose-face-wash
koflet lozenge,36.0,prompt relief honey rich lozenge,https://himalayawellness.in/collections/all/products/koflet-h-lozenges
damage repair protein shampoo,540.0,revives damaged hair make hair healthy himalaya damage repair protein shampoo is specially formulated for dry frizzy and damaged hair caused by blow drying and chemical,https://himalayawellness.in/collections/all/products/damage-repair-protein-shampoo
vasaka,165.0,effective respiratory care fact derived from ayurveda text and modern research vasaka soothes bronchial inflammation and open airway help phlegm discharge and relief chest congestion,https://himalayawellness.in/collections/all/products/vasaka
pilex tablet,150.0,the medical answer to surgical problem,https://himalayawellness.in/collections/all/products/pilex-tablets
himalaya germ free baby laundry wash,495.0,effectively remove germ tough stain and odor germ protection basis invitro lab study on indicative organism,https://himalayawellness.in/collections/all/products/himalaya-germ-free-baby-laundry-wash
quista dn,575.0,researched nutritional supplement for diabetic quista dn is nutritional supplement scientifically designed to benefit the dietary regimen of diabetic and prediabetic individual,https://himalayawellness.in/collections/all/products/quista-dn
himalaya fresh start oil clear blueberry face sheet mask,75.0,goodbye oily skin hello fresh face himalaya fresh start oil clear blueberry face sheet mask is infused with special blend of hyaluronic acid that help with skin hydration indian gooseberry that is known to reduce excess oil and hydration booster and blueberry fruit extract that condition and refresh skin this face sheet mask is the ultimate solution for an instant fresh and dewy glow kickstart your day with the confidence of an oil clear fresh look,https://himalayawellness.in/collections/all/products/himalaya-fresh-start-oil-clear-blueberry-face-sheet-mask
cherry shine lip care,160.0,naturally glossy soft and nourished lip himalaya cherry shine lip care is luxurious lip balm enriched with natural color and antioxidant such vitamin the sweet cherry oil and nourishing ingredient in the product help in caring for and protecting your lip from environmental damage and aid in enhancing natural lip color the lip balm moisture lock formula help keep your lip soft and supple,https://himalayawellness.in/collections/all/products/cherry-shine-lip-care
anti hair fall cream,100.0,reduces hair fall and promotes hair growth himalaya anti hair fall cream is unique daily use formula which help reduce hair fall and strengthens hair,https://himalayawellness.in/collections/all/products/anti-hair-fall-cream
bresol,165.0,the breathing solution,https://himalayawellness.in/collections/all/products/bresol
meshashringi,180.0,regulates carbohydrate metabolism fact derived from ayurveda text and modern research,https://himalayawellness.in/collections/all/products/meshashringi
winter defense moisturizing cream,90.0,for dry extra dry skin an effective blend of nourishing ingredient and herbal extract moisturizes even the extremely dry area of your skin,https://himalayawellness.in/collections/all/products/winter-defense-moisturizing-cream
vrikshamla,220.0,manages weight fact derived from ayurveda text and modern research vrikshamla help increase the availability of serotonin an important chemical that reduces overeating by inducing feeling of satiety,https://himalayawellness.in/collections/all/products/vrikshamla
amalaki,200.0,promotes health fact derived from ayurveda text and modern research amalaki help boost immunity by building the body natural defense system to fight infection,https://himalayawellness.in/collections/all/products/amalaki
baby hair oil,125.0,himalaya baby hair oil is specially formulated for baby enriched with amla gotukola and bhringaraja to nourish hair and make it soft and healthy,https://himalayawellness.in/collections/all/products/baby-hair-oil
dee immunity,45.0,quick dissolve quick relief dee immunity mouth dissolving tablet provide symptomatic relief from early onset of the symptom of flu such cough common cold sore throat and nasal congestion dissolve quickly doe not require water start working in minute,https://himalayawellness.in/collections/all/products/q-dee-immunity
natural glow kesar face wash,140.0,brightens and reveals glowing skin himalaya natural glow kesar face wash is soap free formulation that brightens and rejuvenates your skin giving it healthy natural glow,https://himalayawellness.in/collections/all/products/natural-glow-kesar-face-wash
active fresh gel,55.0,for fresh feel himalaya active fresh gel is packed with the goodness of herbal ingredient that ensure long lasting fresh breath,https://himalayawellness.in/collections/all/products/active-fresh-gel
himalaya fresh start oil clear strawberry face sheet mask,75.0,goodbye oily skin hello fresh face himalaya fresh start oil clear strawberry face sheet mask is infused with special blend of hyaluronic acid that help skin hydration indian gooseberry that is known to reduce excess oil and hydration booster and strawberry fruit extract that condition and refresh skin this face sheet mask is the ultimate solution for an instant fresh and dewy glow kickstart your day with the confidence of an oil clear fresh look,https://himalayawellness.in/collections/all/products/himalaya-fresh-start-oil-clear-strawberry-face-sheet-mask
clarina anti acne cream,120.0,clear acne effectively and safely,https://himalayawellness.in/collections/all/products/clarina-anti-acne-cream
tan removal orange peel off mask,75.0,remove impurity lightens skin tone from first use himalaya tan removal orange peel off mask is an effective blend of the natural skin lightening extract of orange peel and honey which help reduce skin tan from the very first use,https://himalayawellness.in/collections/all/products/tan-removal-orange-peel-off-mask
septilin syrup,160.0,build the body own defense mechanism,https://himalayawellness.in/collections/all/products/septilin-syrup
aactaril soap,85.0,medicated cleansing soap for bacterial and fungal skin infection soap play an important role in the treatment of skin infection aactaril is medicated soap designed for the effective management of common superficial bacterial and fungal infection of the skin,https://himalayawellness.in/collections/all/products/aactaril-soap
himplasia,195.0,himplasia,https://himalayawellness.in/collections/all/products/himplasia
rumalaya liniment,130.0,rumalaya liniment,https://himalayawellness.in/collections/all/products/rumalaya-liniment
stress relief massage oil,150.0,relief stress relaxes body himalaya stress relief massage oil help relieve stress and fatigue and relaxes the body,https://himalayawellness.in/collections/all/products/stress-relief-massage-oil
anti hair loss cream,375.0,the only side effect is hair growth himalaya anti hair loss cream promotes hair growth and control hair fall by stimulating the active phase of the hair growth cycle,https://himalayawellness.in/collections/all/products/anti-hair-loss-cream
tan removal orange face wash,149.0,effectively clean and visibly reduces tan himalaya tan removal orange face wash is unique formula that deeply clean skin and wash away tan,https://himalayawellness.in/collections/all/products/tan-removal-orange-face-wash
diaper rash cream,75.0,for happy baby bottom himalaya diaper rash cream promotes effective healing and soothes red irritated skin and form protective layer on baby skin,https://himalayawellness.in/collections/all/products/diaper-rash-cream
himcocid sf,115.0,the complete antacid beyond just relief,https://himalayawellness.in/collections/all/products/himcocid-sf
nourishing body lotion,300.0,hydra nutri balance himalaya nourishing body lotion the non greasy body lotion leaf skin feeling soft supple and toned,https://himalayawellness.in/collections/all/products/nourishing-body-lotion
bresol drop spray,50.0,breathing solution for dry and stuffy nose,https://himalayawellness.in/collections/all/products/bresol-ns-drops-spray
pilex forte ointment,95.0,pilex ointment is now pilex forte ointment the medical answer to surgical problem,https://himalayawellness.in/collections/all/products/pilex-forte-ointment
gentle daily care protein conditioner,90.0,nourishes hair keep hair healthy himalaya gentle daily care protein conditioner is gentle formulation that condition and keep your hair silky smooth soft and tangle free,https://himalayawellness.in/collections/all/products/gentle-daily-care-protein-conditioner
tan removal orange face scrub,150.0,gently scrub away tanned skin cell reveals glowing skin himalaya tan removal orange face scrub gently exfoliates smoothens and lightens tan from the very first use,https://himalayawellness.in/collections/all/products/tan-removal-orange-face-scrub
hiora toothpaste,80.0,for comprehensive management of sensitive teeth and gum,https://himalayawellness.in/collections/all/products/hiora-k-toothpaste
himalaya gentle baby wash,85.0,himalaya gentle baby wash,https://himalayawellness.in/collections/all/products/himalaya-gentle-baby-wash
deep cleansing apricot face wash,79.0,remove blackhead himalaya deep cleansing apricot face wash gently remove dead skin cell and unclogs pore to reveal softer and smoother skin,https://himalayawellness.in/collections/all/products/deep-cleansing-apricot-face-wash
cystone tablet,165.0,cystone tablet,https://himalayawellness.in/collections/all/products/cystone-tablets
purim,120.0,the natural therapy for healthy skin,https://himalayawellness.in/collections/all/products/purim
refreshing clarifying toner,95.0,refreshes clarifies keep skin oil free himalaya refreshing clarifying toner is made from blend of natural ingredient that remove excess oil and cleanse dead skin cell and impurity from the skin surface,https://himalayawellness.in/collections/all/products/refreshing-clarifying-toner
himalaya pure hand tulsi purifying hand wash,50.0,purifies keep hand clean and healthy himalaya pure hand tulsi purifying hand wash is enriched with the goodness of tulsi,https://himalayawellness.in/collections/all/products/himalaya-pure-hands-tulsi-purifying-hand-wash
himalaya active fresh mint mouthwash,115.0,mint freshness and long lasting fresh breath no alcohol no burning sensation himalaya active fresh mint mouthwash is infused with the goodness of mint and papaya it prevents the buildup of plaque and mouth odor to provide visibly whiter teeth healthier gum and fresh breath it remove up to of bacteria and give up to hour of protection from germ based on in vitro laboratory study,https://himalayawellness.in/collections/all/products/himalaya-active-fresh-mint-mouthwash
himalaya clear complexion brightening day cream,270.0,brightens skin with uv protection,https://himalayawellness.in/collections/all/products/himalaya-clear-complexion-brightening-day-cream
damage repair protein conditioner,165.0,deep condition and rejuvenates himalaya damage repair protein conditioner provides intensive conditioning for dry frizzy or damaged hair,https://himalayawellness.in/collections/all/products/damage-repair-protein-conditioner
protective sunscreen lotion,220.0,prevents skin darkening check premature ageing himalaya protective sunscreen lotion is double action formulation that protects you from harmful uv ray and at the same time nourishes your skin,https://himalayawellness.in/collections/all/products/protective-sunscreen-lotion
kajal,140.0,define your eye naturally himalaya kajal is formulated with traditional ingredient like damask rose and triphala almond oil and castor oil to cool soothe and nourish your eye,https://himalayawellness.in/collections/all/products/kajal
rumalaya gel,110.0,rumalaya gel,https://himalayawellness.in/collections/all/products/rumalaya-gel
digyton plus,210.0,digestive stimulant for adult pet digyton plus stimulates the secretion of enzyme in the stomach which aid the digestion of food,https://himalayawellness.in/collections/all/products/digyton-plus
shishu anand baby wipe,99.0,keep baby skin hydrated help in gentle cleaning of baby skin and diaper area,https://himalayawellness.in/collections/all/products/shishu-anand-baby-wipes
extra moisturizing baby lotion,100.0,intensely moisturizes baby delicate skin help keep baby skin soft and supple for longer,https://himalayawellness.in/collections/all/products/extra-moisturizing-baby-lotion
refreshing baby soap,80.0,keep baby skin cool and fresh himalaya refreshing baby soap ha ingredient with cooling refreshing antibacterial property that are known to effectively help in management of prickly heat in baby,https://himalayawellness.in/collections/all/products/refreshing-baby-soap
gasex syrup,110.0,improves digestion,https://himalayawellness.in/collections/all/products/gasex-syrup
green tea ginger,70.0,swaad waali sehat waali green tea ginger is delightful combination of green tea sourced from the pristine nilgiris blue hill and fresh ginger which come together in perfect harmony to add magic to your daily cup of tea this unique blend aid digestion and metabolism,https://himalayawellness.in/collections/all/products/green-tea-ginger
natural glow kesar face pack,135.0,deep clean reveals glowing skin himalaya natural glow kesar face pack is unique natural formulation that even out skin tone for glowing you with the goodness of turmeric walnut indian aloe and kesar it rejuvenates and clean your skin off impurity to reveal natural glow,https://himalayawellness.in/collections/all/products/natural-glow-kesar-face-pack
trikatu,180.0,relief indigestion fact derived from ayurveda text and modern research the active constituent present in trikatu piperine and gingerol stimulate digestive enzyme responsible for healthy digestion,https://himalayawellness.in/collections/all/products/trikatu
herbolax,50.0,the gentle bowel regulator,https://himalayawellness.in/collections/all/products/herbolax
hiora toothpaste,65.0,toothpaste for inflamed and spongy gum,https://himalayawellness.in/collections/all/products/hiora-toothpaste
under eye cream,225.0,no more dark circle himalaya under eye cream contains proven and safe blend of herb specially created to care for the delicate area around the eye,https://himalayawellness.in/collections/all/products/under-eye-cream
youth eternity day cream,499.0,re plump reduces fine line and wrinkle himalaya youth eternity day cream is breakthrough anti aging formulation based on plant stem cell research and exotic herbal active,https://himalayawellness.in/collections/all/products/youth-eternity-day-cream
manjishtha,180.0,control skin tanning,https://himalayawellness.in/collections/all/products/manjishtha
karela,200.0,regulates glucose fact derived from ayurveda text and modern research,https://himalayawellness.in/collections/all/products/karela
revitalizing night cream,270.0,restores moisture balance and nourishes and repair himalaya herbal revitalizing night cream is deep penetrating luxurious cream that work overnight with the skin natural renewal cycle,https://himalayawellness.in/collections/all/products/revitalizing-night-cream
serpina,100.0,serpina,https://himalayawellness.in/collections/all/products/serpina
tulasi,200.0,relief cough and cold fact derived from ayurveda text and modern research tulasi help suppress cough and aid the mobilization of mucus,https://himalayawellness.in/collections/all/products/tulasi
himalaya anti dandruff cooling mint shampoo,310.0,remove dandruff cool and energizes scalp visible flake on regular use,https://himalayawellness.in/collections/all/products/himalaya-anti-dandruff-cooling-mint-shampoo
himalaya baby massage oil coconut,125.0,regular massaging strengthens muscle and enhances growth himalaya baby massage oil coconut is specially formulated with unique combination of oil and rich blend of herb that help nourish and improve skin luster traditionally coconut oil is known to improve body strength and help maintain healthy skin regular massage improves blood circulation strengthens muscle and help enhance your baby growth,https://himalayawellness.in/collections/all/products/himalaya-baby-massage-oil-coconut
youth eternity night cream,499.0,re plump and restores youthful skin himalaya youth eternity night cream is breakthrough anti aging formulation based on plant stem cell research and exotic herbal active,https://himalayawellness.in/collections/all/products/youth-eternity-night-cream
clear complexion brightening mulethi face scrub,150.0,brightens and reveals glowing skin himalaya clear complexion brightening mulethi face scrub is complexion enhancing face scrub with mild exfoliants that remove blackhead and deep rooted impurity to reveal glowing skin,https://himalayawellness.in/collections/all/products/clear-complexion-brightening-face-scrub
rich cocoa butter body cream,270.0,intensely moisturizes for healthy radiant skin indulge in this exotically rich body cream enriched with the goodness of cocoa butter that absorbs easily and eliminates dryness and dullness leaving your skin intensely moisturized healthy and radiant,https://himalayawellness.in/collections/all/products/rich-cocoa-butter-body-cream
talekt,135.0,new advance in derma care,https://himalayawellness.in/collections/all/products/talekt
reosto,180.0,reosto,https://himalayawellness.in/collections/all/products/reosto
himalaya pure hand tulsi aloe moisturizing hand wash,95.0,moisturizes and prevents excessive dryness himalaya pure hand tulsi aloe moisturizing hand wash is enriched with the goodness of tulsi,https://himalayawellness.in/collections/all/products/himalaya-pure-hands-tulsi-aloe-moisturizing-hand-wash
himalaya olive extra nourishing body lotion,95.0,deeply nourishes and restores skin moisture,https://himalayawellness.in/collections/all/products/himalaya-olive-extra-nourishing-body-lotion
scavon vet cream,65.0,topical antimicrobial himalaya scavon vet cream is an anti infective broad spectrum antimicrobial and antibacterial wound healer that promotes wound healing by rapid collagenization and epithelialization of tissue,https://himalayawellness.in/collections/all/products/scavon-vet-cream
complete care mouthwash,105.0,healthy gum and teeth specially formulated with an active combination of neem pomegranate and miswak himalaya complete care mouthwash help provides complete protection to strengthen teeth and gum,https://himalayawellness.in/collections/all/products/complete-care-mouthwash
pilex forte tablet,110.0,the medical answer to surgical problem,https://himalayawellness.in/collections/all/products/pilex
anti dandruff conditioner,90.0,fight dandruff leaf hair soft and smooth himalaya anti dandruff conditioner effectively condition dandruff prone and itchy scalp,https://himalayawellness.in/collections/all/products/anti-dandruff-conditioner
himalaya pure expression kajal,170.0,intensely expressive eye natural black color smudge proof waterproof,https://himalayawellness.in/collections/all/products/himalaya-pure-expression-kajal
himalaya olive extra nourishing cream,235.0,deeply nourishes and restores skin moisture,https://himalayawellness.in/collections/all/products/himalaya-olive-extra-nourishing-cream
himalaya men intense oil clear lemon face wash,189.0,long lasting oil free skin himalaya men intense oil clear lemon face wash ha been specially designed for men skin,https://himalayawellness.in/collections/all/products/himalaya-men-intense-oil-clear-lemon-face-wash
oil clear lemon face wash,235.0,deep clean oily skin himalaya oil clear lemon face wash is soap free formulation that gently clean your face and remove excess oil,https://himalayawellness.in/collections/all/products/oil-clear-lemon-face-wash
evecare capsule,145.0,evecare capsule,https://himalayawellness.in/collections/all/products/evecare-capsules
liv pet,160.0,appetite stimulant and hepatoprotective appetite stimulant natural appetite stimulant that increase appetite in your pet,https://himalayawellness.in/collections/all/products/liv-52-pet
refreshing cleansing milk,95.0,deep clean clarifies and refreshes himalaya refreshing cleansing milk contains special blend of herb along with other cleansing agentgently remove dirt makeup and daily impurity while maintaining your skin natural moisture balance,https://himalayawellness.in/collections/all/products/refreshing-cleansing-milk
liv syrup,100.0,unparalleled in liver care,https://himalayawellness.in/collections/all/products/liv-52-syrup
purifying neem face scrub,80.0,exfoliates and purifies for clear problem free skin himalaya purifying neem face scrub remove impurity and dead skin it also clean excess oil from the skin surface which is one of the root cause of acne,https://himalayawellness.in/collections/all/products/purifying-neem-face-scrub
himalaya men pimple clear neem face wash,180.0,fast and strong action on pimple himalaya men pimple clear neem face wash is soap free formulation that help fight pimple in men,https://himalayawellness.in/collections/all/products/himalaya-men-pimple-clear-neem-face-wash
green tea lemon,70.0,swaad waali sehat waali green tea lemon is delightful combination of green tea sourced from the pristine nilgiris blue hill and refreshing lemon which come together in perfect harmony to add magic to your daily cup of tea this unique blend help you stay active and energized,https://himalayawellness.in/collections/all/products/green-tea-lemon
himalaya mobility plus tablet,445.0,joint and hip supplement,https://himalayawellness.in/collections/all/products/himalaya-mobility-plus-tablets
himalaya heal lip medicated lip balm,50.0,contains active that kill germ moisturize and heal dry lip,https://himalayawellness.in/collections/all/products/himalaya-heal-lip-medicated-lip-balm
himalaya natural glow kesar facial kit,195.0,for naturally glowing and healthy skin,https://himalayawellness.in/collections/all/products/himalaya-natural-glow-kesar-facial-kit
berry shine lip care,160.0,naturally glossy soft and nourished lip himalaya berry shine lip care is luxurious lip balm enriched with natural color and antioxidant such vitamin the berry oil complex rich blend of blackberry cranberry and blueberry seed oil and nourishing ingredient help in caring for and protecting your lip from environmental damage and aid in enhancing natural lip color the lip balm moisture lock formula help keep your lip soft and supple,https://himalayawellness.in/collections/all/products/berry-shine-lip-care
youth eternity under eye cream,525.0,visible reduction in wrinkle puffiness and dark circle himalaya youth eternity under eye cream is breakthrough anti aging formulation derived from plant stem cell research and exotic herbal active,https://himalayawellness.in/collections/all/products/youth-eternity-under-eye-cream
himalaya men face beard wash,189.0,relief beard itchiness refreshes skin sporting beard need special care facial hair grows skin can get itchy and uncomfortable,https://himalayawellness.in/collections/all/products/himalaya-men-face-and-beard-wash
nourishing baby soap,72.0,gentle nourishment for baby sensitive skin himalaya nourishing baby soap contains herbal ingredient developed especially for baby sensitive skin,https://himalayawellness.in/collections/all/products/nourishing-baby-soap
bleminor,190.0,for blemish free skin,https://himalayawellness.in/collections/all/products/bleminor-antiblemish-cream
oro oral rinse,120.0,advanced oral rinse with turmeric power,https://himalayawellness.in/collections/all/products/oro-t-oral-rinse
himpyrin,125.0,himpyrin,https://himalayawellness.in/collections/all/products/himpyrin
purifying neem peel off mask,75.0,remove impurity from skin himalaya purifying neem peel off mask is power packed with neem and turmeric tried and tested herbal combination well known for it antimicrobial and anti inflammatory property,https://himalayawellness.in/collections/all/products/purifying-neem-peel-off-mask
moisturizing aloe vera facial wipe,120.0,gently clean and refreshes skin restores moisture balance himalaya moisturizing aloe vera facial wipe are soft and non alcoholic with gentle formulation that instantly clean and refreshes without drying the skin,https://himalayawellness.in/collections/all/products/moisturizing-aloe-vera-facial-wipes-1
aloe vera refreshing body gel,350.0,moisturizes cool and soothes skin himalaya aloe vera refreshing body gel is formulated with the goodness of aloe vera gel our product moisturizes cool and soothes skin giving fresh soft supple and non oily feel the body gel dermatologically tested is light and non greasy moisturizer for daily use there are no artificial color and the product is free from parabens phthalates and methylisothiazolinone mit you can use it for gentle massage to refresh your skin or to soothe dry irritated or sunburnt skin,https://himalayawellness.in/collections/all/products/aloe-vera-refreshing-body-gel
natural moisturizing lip butter,160.0,soothes hydrate and rejuvenates himalaya natural moisturizing lip butter is luxurious blend of herbal butter that intensely moisturize your lip,https://himalayawellness.in/collections/all/products/natural-moisturizing-lip-butter
anxocare vet tablet,150.0,behavior modifier anxocare control anxiety due to fear and emotional stress,https://himalayawellness.in/collections/all/products/anxocare-vet-tablets
vasaka syrup,130.0,effective respiratory care fact derived from ayurveda text and modern research vasaka soothes bronchial inflammation and open airway help phlegm discharge and relief chest congestion,https://himalayawellness.in/collections/all/products/vasaka-syrup
anti dandruff hair cream,100.0,remove dandruff nourishes scalp himalaya anti dandruff hair cream gently and effectively reduces dandruff while keeping hair nourished and moisturized,https://himalayawellness.in/collections/all/products/anti-dandruff-hair-cream
rumalaya,150.0,rumalaya,https://himalayawellness.in/collections/all/products/rumalaya
fresh start oil clear face wash lemon,145.0,goodbye oily skin hello fresh face himalaya fresh start oil clear lemon face wash is special formulation with the burst of citrusy lemon and the deep cleansing action of natural bead that help remove excess oil dirt and impurity,https://himalayawellness.in/collections/all/products/fresh-start-oil-clear-face-wash-lemon
himalaya baby massage oil mustard,125.0,regular massaging strengthens muscle and enhances growth himalaya baby massage oil mustard is specially formulated with unique combination of oil and rich blend of herb that help nourish and improve skin luster traditionally mustard oil is known to be beneficial in relieving itching and keeping skin disorder at bay regular massage improves blood circulation strengthens muscle and help enhance your baby growth,https://himalayawellness.in/collections/all/products/himalaya-baby-massage-oil-mustard
strawberry shine lip care,160.0,strawberry shine lip care shine with himalaya herbal naturally glossy strawberry shine lip care,https://himalayawellness.in/collections/all/products/strawberry-shine-lip-care
erina ep shampoo,260.0,ectoparasiticidal shampoo powder erina ep control ectoparasite external parasite like tick flea and louse in pet,https://himalayawellness.in/collections/all/products/erina-ep-shampoo
extra moisturizing baby wash,165.0,soothes and moisturizes baby skin himalaya extra moisturizing baby wash is designed to effectively cleanse baby skin and make it softer and smoother,https://himalayawellness.in/collections/all/products/extra-moisturizing-baby-wash
fresh start oil clear face wash blueberry,145.0,goodbye oily skin hello fresh face himalaya fresh start oil clear blueberry face wash is special formulation with the energizing power of luscious blueberry and the deep cleansing action of natural bead that help remove excess oil dirt and impurity,https://himalayawellness.in/collections/all/products/fresh-start-oil-clear-face-wash-blueberry
hiora mouthwash regular,90.0,kill germ tone gum refreshes mouth,https://himalayawellness.in/collections/all/products/hiora-mouth-wash-regular
himalaya youth eternity face serum,699.0,visibly firmer youthful and radiant skin in week clinical study,https://himalayawellness.in/collections/all/products/himalaya-youth-eternity-face-serum
oil clear mud face pack,75.0,deep clean firm and rejuvenates himalaya oil clear mud face pack is unique formulation with the goodness of herb and mineral clay that refreshes and rejuvenates facial skin by absorbing excess oil and removing impurity,https://himalayawellness.in/collections/all/products/oil-clear-mud-face-pack
refreshing fruit pack,150.0,deep clean firm and rejuvenates himalaya refreshing fruit pack blend host of natural fruity ingredient that leave your skin feeling rejuvenated and soft,https://himalayawellness.in/collections/all/products/refreshing-fruit-pack
triphala syrup,130.0,relief constipation fact derived from ayurveda text and modern research triphala provides gentle pro kinetic effect on the bowel and help relieve long standing constipation,https://himalayawellness.in/collections/all/products/triphala-syrup
purifying neem pack,150.0,deep clean purifies for clear problem free skin himalaya purifying neem pack brings together the goodness of neem fuller earth and turmeric which work together to remove excess oil clean clogged pore and help prevent the recurrence of pimple,https://himalayawellness.in/collections/all/products/purifying-neem-pack
healthy pet food adult,360.0,complete and balanced food for dog healthy pet food adult is complete and balanced food with over nutrient vitamin and mineral,https://himalayawellness.in/collections/all/products/healthy-pet-food-adult
dee nausea,45.0,quick dissolve quick relief relief nausea dee nausea help ease nausea due to motion sickness dissolve in second doe not require water quick onset of action start acting in minute,https://himalayawellness.in/collections/all/products/q-dee-nausea
himalaya purehands advanced spray,100.0,disinfectant hand rub kill of germ,https://himalayawellness.in/collections/all/products/himalaya-purehands-advanced-spray
age defying hand cream,180.0,repair and protects for youthful hand himalaya age defying hand cream is unique daily use formula it rejuvenates the skin giving you younger looking hand this non greasy cream is quickly absorbed by the skin,https://himalayawellness.in/collections/all/products/age-defying-hand-cream
himalaya purifying neem face gel,85.0,purifying neem face gel,https://himalayawellness.in/collections/all/products/himalaya-purifying-neem-face-gel
aloe cucumber refreshing body lotion,85.0,cool hydrate and refreshes himalaya aloe cucumber refreshing body lotion is light and cool body lotion that hydrate and refreshes your skin without leaving it sticky,https://himalayawellness.in/collections/all/products/aloe-cucumber-refreshing-body-lotion
himalaya men active sport face wash,189.0,refreshes cool reenergizes india first ever facewash created through an exclusive association with royal challenger bangalore,https://himalayawellness.in/collections/all/products/himalaya-men-active-sport-face-wash
digyton drop,125.0,digestive stimulant and bowel regulator digyton facilitates the secretion of proteolytic amylolytic and lipolytic enzyme that catalyze the digestion of food,https://himalayawellness.in/collections/all/products/digyton-drops
fresh start oil clear face wash strawberry,145.0,goodbye oily skin hello fresh face himalaya fresh start oil clear strawberry face wash is specially formulated with the scintillating goodness of strawberry and the deep cleansing action of natural bead to remove excess oil dirt and impurity,https://himalayawellness.in/collections/all/products/fresh-start-oil-clear-face-wash-strawberry
tulasi syrup,130.0,relief cough and cold fact derived from ayurveda text and modern research tulasi help suppress cough and aid the mobilization of mucus,https://himalayawellness.in/collections/all/products/tulasi-syrup
oxitard,80.0,the natural antioxidant,https://himalayawellness.in/collections/all/products/oxitard
himalaya vegecort cream,100.0,for eczema relief,https://himalayawellness.in/collections/all/products/himalaya-vegecort-cream
peach shine lip care,150.0,naturally glossy soft and rejuvenated lip shine with himalaya herbal naturally glossy peach shine lip care our luxurious lip balm moisturizes your lip to keep them soft and supple,https://himalayawellness.in/collections/all/products/peach-shine-lip-care
erina ep powder,190.0,ectoparasiticidal shampoo powder erina ep control ectoparasite external parasite like tick flea and louse in pet,https://himalayawellness.in/collections/all/products/erina-ep-powder
gentle exfoliating apricot face scrub,80.0,remove dead skin cell blackhead nourishes skin himalaya gentle exfoliating apricot scrub exfoliates dead skin cell and blackhead and unclogs pore it also deep clean facial skin to keep skin soft and glowing,https://himalayawellness.in/collections/all/products/gentle-exfoliating-apricot-scrub
baby diaper,130.0,the bottom line on diaper himalaya baby diaper have unique soft easy to fit design specially designed to provide the greatest comfort and care to your baby,https://himalayawellness.in/collections/all/products/baby-diapers
evecare syrup,240.0,evecare syrup,https://himalayawellness.in/collections/all/products/evecare-syrup
freshcoat,230.0,no rinse spray for pet bad odour is unwelcome anywhere especially for pet,https://himalayawellness.in/collections/all/products/freshcoat
koflet ex linctus,90.0,expectorant mucolytic in wet cough and bronchitis koflet ex linctus is safe and effective phytopharmaceutical expectorant formulation which relief productive cough,https://himalayawellness.in/collections/all/products/koflet-ex-linctus
gentle daily care protein shampoo ml,490.0,clean gently make hair healthy himalaya gentle daily care protein shampoo ha mild formulation for those who lead an active life requiring frequent shampooing,https://himalayawellness.in/collections/all/products/gentle-daily-care-protein-shampoo-700ml
litchi shine lip care,160.0,naturally glossy soft and younger looking lip shine with himalaya herbal naturally glossy litchi shine lip care our luxurious lip balm moisturizes your lip to keep them soft and supple,https://himalayawellness.in/collections/all/products/litchi-shine-lip-care
furglow,500.0,oral coat conditioner furglow contains plant derived oil that are rich in omega and omega fatty acid,https://himalayawellness.in/collections/all/products/furglow
himalaya soothing calamine baby lotion,175.0,effective relief from skin rash himalaya soothing calamine baby lotion contains herbal ingredient that protect baby skin from itching and rash due to allergic reaction insect bite chicken pox or prickly heat,https://himalayawellness.in/collections/all/products/himalaya-soothing-calamine-baby-lotion
hiora ga gel,65.0,gum astringent gel,https://himalayawellness.in/collections/all/products/hiora-ga-gel
protein hair cream,100.0,nourishes hair keep hair healthy natural hair cream full of goodness himalaya protein hair cream nourishes the hair with it special formulated ingredient it help strengthen hair and leave your hair soft and shiny,https://himalayawellness.in/collections/all/products/protein-hair-cream
healthy pet food puppy,800.0,complete and balanced food for puppy healthy pet food puppy is complete and balanced food with over nutrient vitamin and mineral,https://himalayawellness.in/collections/all/products/healthy-pet-food-puppy
himalaya active fresh saunf mouthwash,115.0,the freshness of saunf and long lasting fresh breath no alcohol no burning sensation himalaya active fresh saunf mouthwash is infused with the goodness of saunf and menthol it prevents the buildup of plaque and mouth odor to provide healthier gum and fresh breath it remove up to of bacteria and give up to hour of protection from germ based on in vitro laboratory study,https://himalayawellness.in/collections/all/products/himalaya-active-fresh-saunf-mouthwash
happy baby gift pack in,1205.0,grandchild niece nephew or friend bundle of joy baby have their own beautiful way of bringing happiness into your world,https://himalayawellness.in/collections/all/products/happy-baby-gift-pack-mega-basket-various
purifying neem foaming face wash,235.0,purifies and clean all skin type himalaya purifying neem foaming face wash developed after extensive research is combination of neem and turmeric,https://himalayawellness.in/collections/all/products/purifying-neem-foaming-face-wash
nipple care butter,80.0,soothe heal and protect dry cracked and sore nipple soothe your nipple with himalaya for mom nipple care butter packed with the goodness of natural oil and butter,https://himalayawellness.in/collections/all/products/nipple-care-butter
gel,90.0,quells infection relief symptom the antimicrobial antibacterial and antifungal property of gel effectively combat the organism responsible for vaginitis,https://himalayawellness.in/collections/all/products/v-gel
platenza tablet,100.0,carica papaya complex with bioenhancer for low platelet content platenza boost platelet count and revers the thrombocytopenia low platelet count,https://himalayawellness.in/collections/all/products/platenza-tablets
himalaya erina puppy shampoo conditioner,300.0,for fresh clean and healthy coat for puppy,https://himalayawellness.in/collections/all/products/himalaya-erina-puppy-shampoo-conditioner
crème cleansing baby bar,150.0,gentle care for newborn and baby with sensitive skin himalaya crème cleansing baby bar is mild and gentle cleansing bar for baby which is formulated with skin friendly ph of to ensure that baby delicate skin remains healthy it consists of blend of herb oil butter complex that help lock in moisture and keep baby skin soft smooth and moisturized,https://himalayawellness.in/collections/all/products/creme-cleansing-baby-bar
erina coat cleanser,450.0,coat cleanser erina prevents the formation of dandruff on your pet skin and hair coat,https://himalayawellness.in/collections/all/products/erina-coat-cleanser
mentat syrup,175.0,channelizes mental energy,https://himalayawellness.in/collections/all/products/mentat-syrup
neem syrup,120.0,control acne fact derived from ayurveda text and modern research the herb help alleviate skin inflammation induced by acne causing bacteria,https://himalayawellness.in/collections/all/products/neem-syrup
diarex,80.0,the dependable antidiarrheal,https://himalayawellness.in/collections/all/products/diarex
fresh start oil clear face wash peach,80.0,goodbye oily skin hello fresh face himalaya fresh start oil clear peach face wash is specially formulated with the peppy freshness of peach and the deep cleansing action of natural bead that help remove excess oil dirt and impurity,https://himalayawellness.in/collections/all/products/fresh-start-oil-clear-face-wash-peach
rich cocoa butter lip care,160.0,repair heals and intensely moisturizes lip indulge your lip with himalaya herbal intensely moisturizing rich cocoa butter lip care our luxurious lip balm moisturizes your lip to keep them soft and supple,https://himalayawellness.in/collections/all/products/rich-cocoa-butter-lip-care
healthy treat adult,180.0,dog treat with health benefit the herbal active in healthy treat provide health benefit for adult dog,https://himalayawellness.in/collections/all/products/healthy-treats-adult
hiora pain gel,55.0,rapid relief from toothache relief toothache in minute easy to squeeze tube for convenience,https://himalayawellness.in/collections/all/products/hiora-pain-gel
erina plus coat cleanser with conditioner,300.0,coat cleanser with conditioner erina plus promotes shiny texture and smooth hair coat and prevents the matting of hair,https://himalayawellness.in/collections/all/products/erina-plus-coat-cleanser-with-conditioner
althea lotion,160.0,intense moisturizer for dry skin action althea is topical formulation recommended for the management of xerosis abnormal dryness of skin,https://himalayawellness.in/collections/all/products/althea-lotion
hiora sg gel,65.0,the healing stoma gel,https://himalayawellness.in/collections/all/products/hiora-sg-gel
lukol,150.0,lukol,https://himalayawellness.in/collections/all/products/lukol
purifying neem facial wipe,120.0,remove impurity purifies for clear problem free skin himalaya purifying neem facial wipe are soft and non alcoholic with gentle formulation that mildly clean skin to keep it clean and healthy,https://himalayawellness.in/collections/all/products/purifying-neem-facial-wipes
himalaya makeup removal tangerine facial wipe,50.0,remove makeup and waterproof mascara,https://himalayawellness.in/collections/all/products/himalaya-makeup-removal-tangerine-facial-wipes
anti hair fall shampoo ml,599.0,reduces hair fall make hair healthy himalaya anti hair fall shampoo is breakthrough in formula that help reduces hair fall and provides nourishment to hair,https://himalayawellness.in/collections/all/products/anti-hair-fall-shampoo-700ml
happy baby gift pack in,550.0,grandchild niece nephew or friend bundle of joy baby have their own beautiful way of bringing happiness into your world,https://himalayawellness.in/collections/all/products/happy-baby-gift-pack
bresol syrup,150.0,the breathing solution,https://himalayawellness.in/collections/all/products/bresol-syrup
brahmi syrup,120.0,improves alertness fact derived from ayurveda text and modern research brahmi help calm the mind promote clarity of thought and memory consolidation,https://himalayawellness.in/collections/all/products/brahmi-syrup
koflet sf linctus,95.0,the sugar free cough linctus,https://himalayawellness.in/collections/all/products/koflet-sf-linctus
refreshing baby wash,165.0,keep baby skin cool and fresh himalaya refreshing baby wash ha ingredient with cooling refreshing and antibacterial property clean and refreshes your baby skin,https://himalayawellness.in/collections/all/products/refreshing-baby-wash
immusante tablet,100.0,broad spectrum immunotherapeutic support,https://himalayawellness.in/collections/all/products/immusante-tablets
himalaya purifying neem micellar water,125.0,clean for clear skin remove waterproof makeup,https://himalayawellness.in/collections/all/products/himalaya-purifying-neem-micellar-water
himcal pet,150.0,natural calcium and phosphorus supplement himcal pet contains calcium and phosphorus derived from oyster shell,https://himalayawellness.in/collections/all/products/himcal-pet
natural soft vanilla lip care,160.0,softens nourishes and smoothens lip care for your lip with himalaya herbal daily moisturizing natural soft vanilla lip care our luxurious lip balm moisturizes your lip to keep them soft and supple,https://himalayawellness.in/collections/all/products/natural-soft-vanilla-lip-care
liv syrup,150.0,unparalleled in liver care,https://himalayawellness.in/collections/all/products/liv-52-ds-syrup
moisturizing cucumber peel off mask,75.0,remove dead skin cell brightens skin packed with the goodness of cucumber almond and turmeric himalaya moisturizing cucumber peel off mask remove dead skin,https://himalayawellness.in/collections/all/products/moisturizing-cucumber-peel-of-mask
prickly heat baby powder,90.0,ditch the itch himalaya prickly heat baby powder provides relief from prickly heat and keep baby fresh cool and happy,https://himalayawellness.in/collections/all/products/prickly-heat-baby-powder
nefrotec vet tablet,160.0,diuretic and urinary antiseptic nefrotec prevents the recurrence of urinary tract infection because of it antiseptic property,https://himalayawellness.in/collections/all/products/nefrotec-ds-vet-tablets
himalaya baby gift pack in,390.0,grandchild niece nephew or friend bundle of joy baby have their own beautiful way of bringing happiness into your world,https://himalayawellness.in/collections/all/products/himalaya-baby-gift-pack-5-in-1
himalaya pure hand tulsi lemon deep cleansing hand wipe,110.0,99 germ protection anytime anywhere,https://himalayawellness.in/collections/all/products/himalaya-pure-hands-tulsi-lemon-deep-cleansing-hand-wipes
himalaya natural glow rose micellar water,125.0,clean for radiant skin remove waterproof makeup,https://himalayawellness.in/collections/all/products/himalaya-natural-glow-rose-micellar-water
renalka syrup,80.0,the coolant of the urinary tract,https://himalayawellness.in/collections/all/products/renalka-syrup
talekt syrup,110.0,new advance in derma care,https://himalayawellness.in/collections/all/products/talekt-syrup
shatavari syrup,120.0,promotes lactation fact derived from ayurveda text and modern research shatavari support lactating mother by improving prolactin hormone level ensuring optimum breastfeeding,https://himalayawellness.in/collections/all/products/shatavari-syrup
cystone forte,110.0,cystone forte,https://himalayawellness.in/collections/all/products/cystone-forte
immunol,135.0,immunomodulator and phagocytosis enhancer enhances your pet immunity and fight pathogen,https://himalayawellness.in/collections/all/products/immunol
bonnisan liquid,100.0,keep baby healthy and happy bonnisan offer relief from common digestive complaint reduces colic improves appetite and support digestion thereby promoting healthy growth,https://himalayawellness.in/collections/all/products/bonnisan-liquid
oil clear lemon foaming face wash,235.0,remove excess oil himalaya oil clear lemon foaming face wash is soap free formulation that gently clean your face and remove excess oil,https://himalayawellness.in/collections/all/products/oil-clear-lemon-foaming-face-wash
menosan,165.0,help her glow again menosan posse phytoestrogens which act natural selective estrogen receptor modulators serms,https://himalayawellness.in/collections/all/products/menosan
himalaya baby gift basket in,775.0,grandchild niece nephew or friend bundle of joy baby have their own beautiful way of bringing happiness into your world,https://himalayawellness.in/collections/all/products/himalaya-baby-gift-basket-7-in-1
healthy treat puppy,215.0,dog treat with health benefit the herbal active in healthy treat provide health benefit for puppy,https://himalayawellness.in/collections/all/products/healthy-treats-puppy
lukol syrup,140.0,lukol syrup,https://himalayawellness.in/collections/all/products/lukol-syrup
pure skin neem facial kit,200.0,provides pure and healthy skin get the goodness of neem fuller earth and turmeric cleanse exfoliate and purify with pure skin neem facial kit step facial care regimen for pure and healthy skin step of facial to follow at home himalaya purifying neem face wash himalaya purifying neem face scrub himalaya purifying neem face pack,https://himalayawellness.in/collections/all/products/pure-skin-neem-facial-kit
platenza syrup,175.0,carica papaya complex with bioenhancer for low platelet count platenza boost platelet count and revers thrombocytopenia low platelet count,https://himalayawellness.in/collections/all/products/platenza-syrup
himalaya germ free liquid cleanser,350.0,clean remove germ stain and odor effectively from baby feeding accessory and toy 99 germ protection basis invitro lab study on indicative organism,https://himalayawellness.in/collections/all/products/himalaya-germ-free-liquid-cleanser
himalaya happy baby gift pack free teddy bear,1001.0,happy baby gift basket come with eight babycare product and free teddy bear infused with the goodness of herb himalaya babycare product are developed with the perfect synergy of ayurveda and modern science to provide gentle safe and researched care for your baby baby powder baby hair oil ml refreshing baby soap refreshing baby lotion ml gentle baby shampoo ml gentle baby wipe baby massage oil ml teddy bear free inside,https://himalayawellness.in/collections/all/products/himalaya-happy-baby-gift-pack-8n-free-teddy-bear
diarex syrup,70.0,the dependable antidiarrheal,https://himalayawellness.in/collections/all/products/diarex-syrup
himalaya moisturizing aloe vera micellar water,125.0,clean for soft skin remove waterproof makeup,https://himalayawellness.in/collections/all/products/himalaya-moisturizing-aloe-vera-micellar-water
geriforte syrup,140.0,rejuvenates both body mind,https://himalayawellness.in/collections/all/products/geriforte-syrup
styplon,110.0,the natural styptic,https://himalayawellness.in/collections/all/products/styplon
cystone syrup,175.0,cystone syrup,https://himalayawellness.in/collections/all/products/cystone-syrup
sun protect orange lip care,175.0,nourishes and soothes lip shield against harmful uv ray himalaya sun protect orange lip care with spf and pa protection against uva ray protects your lip from sun damage,https://himalayawellness.in/collections/all/products/sun-protect-orange-lip-care
evecare forte,185.0,evecare forte,https://himalayawellness.in/collections/all/products/evecare-forte
himalaya pure skin neem facial kit,825.0,provides pure and healthy skin step facial care regimen for pure and healthy skin step of facial to follow at home cleanse deep cleanse exfoliate tone purify and moisturize your skin with himalaya pure skin neem facial massager kit himalaya purifying neem face wash himalaya refreshing cleansing milk himalaya purifying neem face scrub himalaya refreshing clarifying toner himalaya purifying neem face pack himalaya nourishing face moisturizing lotion,https://himalayawellness.in/collections/all/products/himalaya-pure-skin-neem-facial-kit
green tea tulasi,135.0,swaad waali sehat waali green tea tulasi is delightful combination of green tea sourced from the pristine nilgiris blue hill and healing tulasi which come together in perfect harmony to add magic to your daily cup of tea this unique blend support immunity and promotes good health,https://himalayawellness.in/collections/all/products/green-tea-tulasi
himalaya adult diaper,550.0,live confident live happy himalaya adult diaper are unique soft and easy to fit adult diaper with natural odor lock the diaper is specially formulated to provide the greatest comfort and care for adult with various condition like incontinence mobility impairment severe diarrhea and who are traveling long distance,https://himalayawellness.in/collections/all/products/himalaya-adult-diapers
himalaya pure hand tulsi aloe moisturizing hand wipe,110.0,99 germ protection anytime anywhere,https://himalayawellness.in/collections/all/products/himalaya-pure-hands-tulsi-aloe-moisturizing-hand-wipes
bonnisan drop,65.0,keep baby healthy and happy bonnisan offer relief from common digestive complaint reduces colic improves appetite and support digestion thereby promoting healthy growth,https://himalayawellness.in/collections/all/products/bonnisan-drops
bonnispaz drop,50.0,change colic to frolic in minute,https://himalayawellness.in/collections/all/products/bonnispaz-drops
trikatu syrup,140.0,relief indigestion fact derived from ayurveda text and modern research the active constituent present in trikatu piperine and gingerol stimulate digestive enzyme responsible for healthy digestion,https://himalayawellness.in/collections/all/products/trikatu-syrup
styplon vet bolus,55.0,rapid acting styptic control bleeding and stimulates hemopoietic organ,https://himalayawellness.in/collections/all/products/styplon-vet
evecare forte tablet,55.0,himalaya evecare forte tablet is polyherbal formulation,https://himalayawellness.in/collections/all/products/evecare-forte-tablets
cystone sf,150.0,cystone sf is sugar free solution that lower the risk of recurrent infection by reducing multiplication and adherence of urinary pathogen facilitating expulsion along with the urine flow,https://himalayawellness.in/collections/all/products/cystone-sf
himalaya pure hand tulsi purifying hand wipe,110.0,99 germ protection anytime anywhere,https://himalayawellness.in/collections/all/products/himalaya-pure-hands-tulsi-purifying-hand-wipes
anti dandruff shampoo ml,510.0,fight dandruff make hair healthy himalaya anti dandruff shampoo effectively fight dandruff and provides nourishment to the hair,https://himalayawellness.in/collections/all/products/anti-dandruff-shampoo-700ml
liv drop,125.0,unparalleled in liver care the natural ingredient in liv exhibit potent hepatoprotective property against infective hepatitis,https://himalayawellness.in/collections/all/products/liv-52-drops
himalaya active fresh miswak mouthwash,115.0,for healthy gum no alcohol no burning sensation himalaya active fresh miswak mouthwash is an advanced herbal formulation with the goodness of miswak and menthol it prevents plaque buildup and mouth odor for healthy gum strong teeth and long lasting fresh breath naturally,https://himalayawellness.in/collections/all/products/himalaya-active-fresh-miswak-mouthwash
yashtimadhu,180.0,relief acidity fact derived from ayurveda text and modern research yashtimadhu accelerates the healing of gastric and duodenal ulcer by relieving inflammation and producing protective mucus for the stomach lining,https://himalayawellness.in/collections/all/products/yashtimadhu
nourishing face moisturizing lotion,100.0,nourishes moisturizes protects himalaya nourishing face moisturizing lotion help you retain lost moisture and nourishment due to the skin frequent exposure to environmental extreme pollution and chemical,https://himalayawellness.in/collections/all/products/nourishing-face-moisturizing-lotion
anti hair fall conditioner,90.0,reduces excess hair fall leaf hair soft and smooth himalaya anti hair fall conditioner nourishes and improves the texture of hair making it smooth soft and healthy,https://himalayawellness.in/collections/all/products/anti-hair-fall-conditioner
himalaya men power glow licorice face wash,85.0,for visibly fairer and brighter skin himalaya men power glow licorice face wash is soap free formula that gently clean the face,https://himalayawellness.in/collections/all/products/himalaya-men-power-glow-licorice-face-wash
pain relief oil,110.0,relief bodyache and pain enriched with sweet flag drumstick and cedar tree extract,https://himalayawellness.in/collections/all/products/pain-relief-oil
pure home sanitizing floor cleaner lemongrass,215.0,eliminates 99 germ basis invitro lab study on indicative organism,https://himalayawellness.in/collections/all/products/pure-homes-sanitizing-floor-cleaner-lemongrass
hairzone solution,275.0,prevents hair fall promotes hair growth,https://himalayawellness.in/collections/all/products/hairzone-solution
geriforte,155.0,rejuvenates both body mind,https://himalayawellness.in/collections/all/products/geriforte
clarina anti acne face wash gel,110.0,clean skin control acne,https://himalayawellness.in/collections/all/products/clarina-anti-acne-face-wash-gel
haridra,200.0,relief allergy,https://himalayawellness.in/collections/all/products/haridra
mentat syrup,140.0,channelizes mental energy,https://himalayawellness.in/collections/all/products/mentat-ds-syrup
green tea,135.0,swaad waali sehat waali greentea is potent antioxidant which build the body immunity and ha anticarcinogenic property,https://himalayawellness.in/collections/all/products/greentea
hiora mouthwash,80.0,for sensitive teeth and halitosis,https://himalayawellness.in/collections/all/products/hiora-k-mouth-wash
soothing body butter cream,310.0,intense moisturization with soothing aroma give your skin the intensive moisturizing nourishment of himalaya for mom soothing body butter,https://himalayawellness.in/collections/all/products/soothing-body-butter-cream
tagara,190.0,promotes restful sleep fact derived from ayurveda text and modern research tagara calm the mind by interfering with brain chemical gaba that communicate information between the nerve cell in the brain,https://himalayawellness.in/collections/all/products/tagara
dryness defense detangler conditioner,90.0,deep condition and detangles hair himalaya dryness defense detangler conditioner is specially formulated for dry frizzy and tangled hair,https://himalayawellness.in/collections/all/products/dryness-defense-detangler-conditioner
liv hb,160.0,effective management of hepatitis,https://himalayawellness.in/collections/all/products/liv-52-hb
scavon vet spray,155.0,topical antimicrobial himalaya scavon vet spray is an anti infective broad spectrum antimicrobial and antibacterial wound healer that promotes wound healing by rapid collagenization and epithelialization of tissue,https://himalayawellness.in/collections/all/products/scavon-vet-spray
soothing body lotion,150.0,hydra nutri balance himalaya soothing body lotion is silky lightweight and non greasy body lotion that combine all the goodness of naturally derived ingredient to soothe and moisturize your skin making it look noticeably softer and smoother,https://himalayawellness.in/collections/all/products/soothing-body-lotion
oil free radiance gel cream,260.0,gently hydrate for an oil free glow himalaya oil free radiance gel cream is light and non greasy daily use gel cream that gently hydrate to give an oil free radiance,https://himalayawellness.in/collections/all/products/oil-free-radiance-gel-cream
pure home all purpose germ kill spray,89.0,kill illness causing virus bacteria and fungi basis invitro lab study on indicative organism kill 99 of germ,https://himalayawellness.in/collections/all/products/pure-homes-all-purpose-germ-kill-spray
diabecon,200.0,diabecon,https://himalayawellness.in/collections/all/products/diabecon-ds
newborn total care baby pant,650.0,comfort protection and total care of baby skin himalaya newborn total care baby pant are specially designed to provide the greatest comfort and care to newborn baby backed with scientific research and infused with the goodness of natural ingredient himalaya newborn total care baby pant come in an easy to wear pant style design that offer soft and comfortable fit and are easy to pull on and off,https://himalayawellness.in/collections/all/products/newborn-total-care-baby-pants
himalaya pure hand tulsi purifying hand wash ml,230.0,purifies keep hand clean and healthy himalaya pure hand tulsi purifying hand wash is enriched with the goodness of tulsi,https://himalayawellness.in/collections/all/products/himalaya-pure-hands-tulsi-purifying-hand-wash-750ml-x-2
pure home sanitizing floor cleaner herbal green,180.0,eliminates 99 germ basis invitro lab study on indicative organism,https://himalayawellness.in/collections/all/products/pure-homes-sanitizing-floor-cleaner-herbal-green
pure home sanitizing floor cleaner pine,180.0,eliminates 99 germ basis invitro lab study on indicative organism,https://himalayawellness.in/collections/all/products/pure-homes-sanitizing-floor-cleaner-pine
intimate wash,120.0,gently clean and refreshes prevents odor and irritation specially formulated for woman during and after pregnancy himalaya for mom intimate wash gently clean the intimate area and help maintain freshness,https://himalayawellness.in/collections/all/products/intimate-wash
soothing baby wipe,200.0,soothes skin and relaxes baby combining the unique benefit of lavender aloe vera almond oil five leaved chaste tree and indian madder himalaya soothing baby wipe are designed to soothe moisturize and protect the skin while also calming your baby,https://himalayawellness.in/collections/all/products/soothing-baby-wipes
dryness defense protein shampoo,130.0,fight dryness make hair healthy himalaya dryness defense protein shampoo is power packed with active nourishment technology enriched with herb known to posse natural protein help provides necessary nourishment to keep hair soft shiny and manageable,https://himalayawellness.in/collections/all/products/dryness-defense-protein-shampoo
anti rash cream,70.0,effectively heals rash relief itching get relief from pregnancy skin rash with himalaya for mom anti rash cream formulation with the goodness of herb that effectively reduces itching and rash and gently soothes the skin,https://himalayawellness.in/collections/all/products/anti-rash-cream
ayurslim tea,99.0,help maintain healthy body weight,https://himalayawellness.in/collections/all/products/ayurslim-tea
babycare gift pack oil soap lotion,233.0,infused with the goodness of herb himalaya babycare product are developed with the perfect synergy of ayurveda and modern science to provide gentle safe and researched care for your baby,https://himalayawellness.in/collections/all/products/babycare-gift-pack-oil-soap-lotion
diabecon,140.0,diabecon,https://himalayawellness.in/collections/all/products/diabecon
himcospaz,40.0,the breakthrough antispasmodic,https://himalayawellness.in/collections/all/products/himcospaz
sensitive toothpaste,115.0,rapid and lasting relief from sensitivity himalaya sensitive toothpaste is polyherbal formulation that give you rapid and lasting relief from tooth sensitivity,https://himalayawellness.in/collections/all/products/sensitive-toothpaste
toning massage oil,195.0,tone and firm skin relief stress and pain massage is an effective and proven remedy to stimulate blood circulation relieve stress and help your body recover post pregnancy,https://himalayawellness.in/collections/all/products/toning-massage-oil
stretch mark oil,250.0,help reduce the appearance of stretch mark sagging skin and itching due to dryness himalaya for mom stretch mark oil is an advanced herb oil formula with ingredient safe to be used during and after pregnancy,https://himalayawellness.in/collections/all/products/stretch-mark-oil
stretch mark cream,150.0,help reduce the appearance of stretch mark sagging skin and itching due to dryness himalaya for mom stretch mark cream is an advanced herb oil butter formula with ingredient safe to be used during and post pregnancy,https://himalayawellness.in/collections/all/products/stretch-mark-cream
moisture rich rose soap,70.0,himalaya for mom moisture rich rose soap is specially formulated for mother enriched with herbal active and an uplifting fragrance to help maintain skin hygiene during pregnancy,https://himalayawellness.in/collections/all/products/moisture-rich-rose-soap
moisture rich jasmine soap,70.0,himalaya for mom moisture rich jasmine soap is specially formulated for mother enriched with herbal active and an uplifting fragrance to help maintain skin hygiene during pregnancy,https://himalayawellness.in/collections/all/products/moisture-rich-jasmine-soap
appetonic forte vet powder,20.0,rumenorestorative and digestive tonic appetonic forte vet restores disturbed ruminal motility and corrects ruminal dysfunction it also normalizes ruminal ph,https://himalayawellness.in/collections/all/products/appetonic-forte-vet
appetonic vet bolus powder,33.0,rumenorestorative and digestive tonic appetonic forte vet restores disturbed ruminal motility and corrects ruminal dysfunction it also normalizes ruminal ph,https://himalayawellness.in/collections/all/products/appetonic-vet
yuccafresh,1300.0,natural ammonia binder,https://himalayawellness.in/collections/all/products/yucca-fresh
diarex vet bolus,38.0,anti diarrheal diarex vet is helpful in controlling diarrhea of varied etiology,https://himalayawellness.in/collections/all/products/diarex-vet
galactin vet bolus,33.0,galactagogue galactin vet act galactagouge promotes lactation by facilitating the proliferation and activity of alveolus,https://himalayawellness.in/collections/all/products/galactin-vet
himalaya geriforte vet,1270.0,immunomodulator antistress and adaptogenic with phytoantioxidants,https://himalayawellness.in/collections/all/products/geriforte-vet
speman forte vet,1200.0,speman forte vet,https://himalayawellness.in/collections/all/products/speman-forte-vet
pulmoboost,350.0,for healthy airway in bird it give bird symptomatic relief from respiratory disease and respiratory distress caused by various factor,https://himalayawellness.in/collections/all/products/pulmo-boost
phytogrow,8500.0,next generation gut health promoter himalaya phytogrow is an extensively researched product to improve the performance of poultry and other monogastric animal by ensuring gut health and digestibility,https://himalayawellness.in/collections/all/products/phyto-grow
nefrotac vet,300.0,three leaved caper varuna is helpful in treating urinary tract disorder it flush out uric acid crystal from the urinary tract,https://himalayawellness.in/collections/all/products/nefrotec-vet
liv vet bolus powder,44.0,hepatoprotective and appetite stimulant liv vet is an appetite stimulant that increase and restores appetite in animal,https://himalayawellness.in/collections/all/products/liv-52-vet
liv protec poultry,105.0,hepatoprotective hepatoprotective liv protec protects the liver from the damage caused by various toxin and drug,https://himalayawellness.in/collections/all/products/liv-52-protec-poultry
liv protec pfs,250.0,production enhancer and hepatostimulant for poultry it maintains the intestinal integrity and aid in faster recovery from illness that cause damage to the gastrointestinal system like coccidiosis and toxin,https://himalayawellness.in/collections/all/products/liv52-protec-pfs
liv protec liquid,285.0,production enhancer and hepatic stimulant himalaya liv protec liquid help improve milk yield and is hepatic stimulant and growth promoter it help in better feed utilization thus promoting proper growth and development of young animal and improving milk production in lactating animal,https://himalayawellness.in/collections/all/products/liv-52-protec-liquid
himalaya liv 52® protec binding gel powder,6000.0,hepatopancreatic stimulant and growth promoter,https://himalayawellness.in/collections/all/products/liv-52-protec
inflamin vet cream,140.0,topical anti inflammatory cream for mastitis anti inflammatory an anti inflammatory inflamin vet prevents the release of inflammatory mediator in animal,https://himalayawellness.in/collections/all/products/inflamin-vet
himtox,1900.0,toxin binder himtox contains dipolar hscas and bentonite which bind with wide range of toxin like all type of aflatoxin fusarium toxin and penicillium toxin,https://himalayawellness.in/collections/all/products/himtox
himalaya himshakti,355.0,instant and sustained energy supplement energizes the animal and support faster recovery,https://himalayawellness.in/collections/all/products/himshakti
himrop vet,170.0,uterine cleanser and ecbolic completely expels placenta and clean the uterus by antibacterial and antifungal activity,https://himalayawellness.in/collections/all/products/himrop-vet
him methio,3600.0,natural alternative to methionine methionine is an essential amino acid that cannot be synthesized in the body but must be obtained from dietary source,https://himalayawellness.in/collections/all/products/him-methio
himfertin vet,41.0,the two way heat inducer help in the development of estrus in animal by correcting hormonal imbalance and supplementing micronutrient,https://himalayawellness.in/collections/all/products/himfertin-vet
himalaya himchelate,300.0,chelated mineral and vitamin supplement fortified with herb take care of body metabolism that optimizes production and reproduction help reduce fertility problem especially stress and immunity problem,https://himalayawellness.in/collections/all/products/himchelate
himalaya himbloat liquid,65.0,rapid acting anti bloat for the treatment of gaseous distension bloat in ruminant it not only treat bloating but also normalizes disturbed digestive process by stimulating the release of various enzyme,https://himalayawellness.in/collections/all/products/himbloat
himcal,170.0,rapid acting anti bloat for treatment of gaseous distension bloat in ruminant it not only treat bloating but also normalizes disturbed digestive process by stimulating the release of various enzyme,https://himalayawellness.in/collections/all/products/himcal
himalaya him,750.0,alternative for vitamin him is unique formula of herbal active with antistress adaptogenic and immunomodulatory activity fortified with electrolyte,https://himalayawellness.in/collections/all/products/him-c
himalaya purehands advanced,250.0,disinfectant hand rub bactericidal fungicidal virucidal,https://himalayawellness.in/collections/all/products/himalaya-purehands-advanced
himalaya men natural bright oil control face gel cream,130.0,for an oil free brighter look all day long himalaya men natural bright oil control face gel cream is non greasy formula specially designed for men with oily skin,https://himalayawellness.in/collections/all/products/himalaya-men-natural-bright-oil-control-face-gel-cream
himalaya men natural bright face cream,130.0,for visibly brighter look all day long himalaya men natural bright face cream is unique blend of herbal active specially designed for men skin,https://himalayawellness.in/collections/all/products/himalaya-men-natural-bright-face-cream
pure hands® tulsi soap,35.0,kill of illness causing germ bathing soap fortified with pure tulsi extract,https://himalayawellness.in/collections/all/products/pure-hands-tulsi-soap
himalaya men anti hair fall hair cream,80.0,invest in your hair it the crown you never take off anti hair fall hair cream for men key ingredient bhringaraja and amla,https://himalayawellness.in/collections/all/products/himalaya-men-anti-hair-fall-hair-cream
himalaya men daily nourish hair cream,80.0,invest in your hair it the crown you never take off daily nourish hair cream for men key ingredient almond oil and argan oil,https://himalayawellness.in/collections/all/products/himalaya-men-daily-nourish-hair-cream
himalaya men anti dandruff hair cream,80.0,invest in your hair it the crown you never take off anti dandruff hair cream for men key ingredient tea tree oil and neem oil,https://himalayawellness.in/collections/all/products/himalaya-men-anti-dandruff-hair-cream
jumbo gentle baby wipe,126.0,anytime anywhere cleansing for your baby quick cleansing with just one wipe alcohol free superior wipe to gently cleanse baby skin,https://himalayawellness.in/collections/all/products/jumbo-gentle-baby-wipes
himalaya tan removal orange facial kit,195.0,reveals healthy glowing skin himalaya tan removal orange facial kit diy step facial kit himalaya tan removal orange facial kit is step diy facial kit which help in clearing skin tan and revealing healthy glowing skin this facial kit consists of three product himalaya tan removal orange face wash himalaya tan removal orange face scrub himalaya tan removal orange peel off mask,https://himalayawellness.in/collections/all/products/himalaya-tan-removal-orange-facial-kit
stretch mark care,450.0,with advanced herb oil butter complex help reduce the appearance of stretch mark sagging skin and itching due to dryness,https://himalayawellness.in/collections/all/products/stretch-mark-care
himalaya colour protect shampoo,280.0,prevents early fading make hair healthy,https://himalayawellness.in/collections/all/products/himalaya-color-protect-shampoo
vegetable fruit cleanser,120.0,protect your family health and enjoy fresh and nutritious vegetable and fruit wash away up to of germ leaf no smell color or taste,https://himalayawellness.in/collections/all/products/vegetable-fruit-cleanser
poultry fish cleanser,140.0,protect your family health and enjoy your special meal by eating fresh clean and safe meat and fish wash away up to of germ leaf no smell color or taste,https://himalayawellness.in/collections/all/products/poultry-fish-cleanser
himalaya natural glow rose face gel,85.0,look beautiful glow naturally,https://himalayawellness.in/collections/all/products/himalaya-natural-glow-rose-face-gel
pure home sanitizing kitchen cleaner,90.0,remove tough stain grease and grime eliminates 99 of germ basis invitro lab study on indicative organism,https://himalayawellness.in/collections/all/products/pure-homes-sanitizing-kitchen-cleaner
dee indigestion,40.0,quick dissolve quick relief relief symptom of indigestion on the go dee indigestion is special dosage form designed to quickly dissolve in the mouth without requiring water within few second it help relieve the symptom of indigestion such loss of appetite abdominal bloating abdominal discomfort and flatulence dissolve in second doe not require water quick onset of action start acting in minute,https://himalayawellness.in/collections/all/products/q-dee-indigestion
himalaya men anti dandruff styling gel,155.0,strong hold,https://himalayawellness.in/collections/all/products/himalaya-men-anti-dandruff-styling-gel
himalaya men anti hair fall styling gel,155.0,strong hold,https://himalayawellness.in/collections/all/products/himalaya-men-anti-hair-fall-styling-gel
himalaya men daily nourish styling gel,155.0,strong hold,https://himalayawellness.in/collections/all/products/himalaya-men-daily-nourish-styling-gel
himalaya men skin protect shaving gel,79.0,himalaya men skin protect shaving gel,https://himalayawellness.in/collections/all/products/himalaya-men-skin-protect-shaving-gel
him aqua powder,750.0,aqua feed supplement stress buster,https://himalayawellness.in/collections/all/products/him-c-aqua-powder
pondshieldtm powder,2800.0,aqua feed supplement probiotic blend with phytoactives to improve pond water quality,https://himalayawellness.in/collections/all/products/pondshieldtm-powder
himtox powder,2375.0,dipolar mycotoxin toxin binder unique dipolar mycotoxin binder with superior toxin binding capacity and broad spectrum activity,https://himalayawellness.in/collections/all/products/himtox-r-powder
himrop plus,180.0,post calving tonic and energy supplement himalaya himrop plus support postpartum recovery and productivity the product also provides energy and support gluconeogenesis,https://himalayawellness.in/collections/all/products/himrop-plus
himchelate powder,8600.0,new dimension in mineral nutrition himchelate powder is unique combination of chelated trace mineral fortified with herbal active for ruminant taking care of the metabolic process of an animal body the unique combination aid in optimizing growth and reproduction in animal,https://himalayawellness.in/collections/all/products/himchelate-r-powder
wellness kit,0.0,guduchi tab wellness dee acidity tab nx8 ind strip dee cramp tab nx8 ind strip dee immunity tablet nx8 strip dee indgsn tab nx6 strip dee nausea tab nx8 strip gasex fizz jaljeera nx5g sachet gasex fizz lemon nx5g sachet gasex fizz orange nx5g sachet,https://himalayawellness.in/collections/all/products/wellness-kit
baby powder test,150.0,to keep cool and stay fresh himalaya baby powder is formulated with herbal ingredient which help keep baby skin cool and comfortable,https://himalayawellness.in/collections/all/products/baby-powder-test
