name,content,url,date
face gel over face cream top benefit to make the switch,face gel is becoming increasingly popular in skin care regimen it is designed for lighter hydration need face gel lighter hydration one main element that differentiates gel from other moisturizing cream is that they are oil free differentiates oil free face gel are packed with humectant moisturizing agent they are quickly absorbed into the skin leaving it moisturized and giving non greasy and matte look quickly absorbed moisturized non greasy matte look humectant attract moisture to soften the skin while also preserving the overall property of the product soften skin,https://himalayawellness.in/a/blog/benefits-face-gels,08/10/2022
himalaya immunity booster tablet and syrup,adopting healthy and balanced diet exercising regularly maintaining mental health and most importantly preparing the immune system are critical healthy balanced diet exercising mental health immune system critical the immune system is intricately designed to provide multilayered defense network against harmful microbe multilayered defense network stress an unhealthy lifestyle or any illness can weaken the immune system hence keeping it functional and prepared at all time is necessary stress unhealthy lifestyle illness weaken functional prepared formulation derived from herb are helpful in boosting the immune system and increasing the body resistance to disease herb boosting body resistance himalaya wellness company ha been front runner in offering diverse array of effective and clinically proven contemporary ayurvedic formulation for supporting and strengthening immunity and fighting infection himalaya wellness company ayurvedic immunity infection,https://himalayawellness.in/a/blog/himalaya-immunity-boosters,07/11/2022
simple step for perfect baby massage,are you wondering how to give your baby soothing massage soothing this blog post list eight simple step to relax your baby body with baby massage oil eight baby massage oil,https://himalayawellness.in/a/blog/steps-perfect-baby-massage,01/02/2023
benefit of guduchi giloy herb,guduchi giloy is an herb that ha several therapeutic usage in this blog post we list the benefit of the guduchi herb guduchi giloy,https://himalayawellness.in/a/blog/benefits-of-guduchi,01/02/2023
how to boost bone health with nutrition,osteoporosis op is one of the most common metabolic bone disease it can lead to disabling fracture especially in the vertebra and hip osteoporosis op fracture vertebra hip study report that both men and woman have to adopt adequate measure lifestyle and diet to prevent op during the later year of life men woman prevent op,https://himalayawellness.in/a/blog/boost-bone-health-with-nutrition,10/18/2022
food for healthy liver and food to avoid,dietary modification such eating le fat sugar and salt eating more fiber vitamin and mineral are essential to maintain healthy liver1 fat sugar salt vitamin mineral here are few suggestion that can act quick reference guide for the food to eat and avoid,https://himalayawellness.in/a/blog/foods-for-a-healthy-liver,09/19/2022
simple way to manage menstrual cramp,menstrual cramp are the most common and bothersome aspect of menstrual cycle menstrual cramp many woman experience cramp regularly and the pain can range from being mild to severe regularly mild severe here are some tip that can be recommended to ease manage cramp tip ease manage cramp,https://himalayawellness.in/a/blog/manage-menstrual-cramps,09/05/2022
fight urinary tract infection utis with dietary modification,in urinary tract infection utis bacteria colonize in the urinary bladder and other part of the urinary system urinary tract infection utis colonize it is characterized by symptom such dysuria frequent urination urinary hesitancy and urinary urgency1 dysuria frequent urination urinary hesitancy urinary urgency,https://himalayawellness.in/a/blog/dietary-modifications-fight-urinary-tract-infections,08/29/2022
easy exercise for managing premenstrual syndrome,research show that yoga and meditation can establish mind body harmony and thus relieve the symptom of premenstrual syndrome pm yoga meditation premenstrual syndrome below are few exercise that can work on the mind and body exercise mind body,https://himalayawellness.in/a/blog/easy-exercises-managing-premenstrual-syndrome,07/19/2022
dietary habit and their effect on menstrual cycle in young woman,dietary habit play pivotal role in maintaining healthy lifestyle and quality of life dietary habit lifestyle quality food habit and menstrual dysfunction in young woman are interrelated food habit menstrual dysfunction this relationship can be emphasized by studying their dietary habit that eventually give rise to gynecologic disorder such irregular menses dysmenorrhea and premenstrual syndrome1 irregular menses dysmenorrhea premenstrual syndrome moreover factor such body weight hypoleptinemia abnormal eating behavior diet quality calorie intake and body mass index bmi determine the etilogy of menstrual dysfunction and reproductive health of women2 menstrual dysfunction reproductive health hormone such progesterone and leptin independently influence dietary intake behavior in woman progesterone leptin fluctuation in hormonal level are known to influence the menstrual cycle2 fluctuation influence,https://himalayawellness.in/a/blog/dietary-habits-effects-on-menstrual-cycles-young-women,07/04/2022
how to add more fiber to your dog diet,we are aware of the importance of dietary fiber for human for maintaining healthy digestive system and for overall wellness dietary fiber healthy digestive system overall wellness fiber also help control blood pressure and regulate blood glucose level likewise fiber is an important dietary requirement for dog too blood pressure blood glucose fiber let look at the right dietary fiber source that are safe for your pet safe,https://himalayawellness.in/a/blog/add-fiber-to-your-dogs-diet,06/28/2022
way baby wipe help maintain baby hygiene,settling in with your newborn can be challenging in the beginning newborn initially your baby might require constant diaper change and cleanup post feeding session diaper change cleanup bathing your baby every time she get messy is not practical option bathing not keeping baby wipe handy is ideal for freshening up your little one anywhere anytime baby wipe freshening here are five instance where baby wipe come to new mother rescue when baby need quick cleanup five new mother rescue,https://himalayawellness.in/a/blog/baby-wipes-help-maintain-baby-hygiene,06/20/2022
kennel cough in dog symptom treatment and prevention,kennel cough also known canine infectious tracheobronchitis is contagious upper respiratory tract infection commonly seen among dog that are confined to enclosed space kennel cough canine infectious tracheobronchitis upper respiratory tract infection kennel cough is mild in adult dog but puppy older dog and dog with weak immune system are likely to be affected severely it is caused by variety of infectious organism mild weak immune system severely infectious the most common organism is the bacterium bordetella bronchiseptica other causative agent include virus such the parainfluenza virus and adenovirus and bacteria belonging to the genus mycoplasma bordetella bronchiseptica parainfluenza virus adenovirus bacteria mycoplasma these microbe are airborne and are carried by tiny droplet or dust particle they are also transmitted through direct contact and contaminated surface airborne direct contact contaminated surface,https://himalayawellness.in/a/blog/kennel-cough-in-dogs,06/13/2022
how to manage stress during pregnancy,stress can adversely affect adult and it can negatively affect baby and child well stress adult baby child research ha linked stress anxiety and low self esteem in pregnant woman with an increased risk of stillbirth and with stunting child intelligence pregnant woman stillbirth stunting child from stressed pregnancy are also more likely to be hyperactive have emotional and social issue and suffer from stress themselves hyperactive emotional social stress themselves,https://himalayawellness.in/a/blog/manage-stress-during-pregnancy,06/06/2022
leptospirosis in dog risk factor symptom and prevention,pet are highly prone to infection during the rainy season pet infection irregular or no physical activity might reduce their immunity which make them easily susceptible to various infection immunity susceptible infection leptospirosis is one such common bacterial infectious disease that occurs during the rainy season leptospirosis leptospirosis is harmful zoonotic disease it can be transmitted from an infected pet to human zoonotic disease infected pet human,https://himalayawellness.in/a/blog/leptospirosis-in-dogs,05/30/2022
what is complete and balanced diet for dog,in this blog post dr swaminathan veterinary assistant surgeon veterinary public health centre chennai answer pet owner query on complete and balanced diet for dog dr swaminathan complete balanced diet dog,https://himalayawellness.in/a/blog/complete-balanced-diet-dogs,05/16/2022
how prickly heat powder help in baby heat rash,summer can be distressing season for your baby summer distressing baby sweat gland are still developing her sensitive skin is more prone to develop heat rash sweat gland sensitive skin heat rash the symptom of heat rash include slight temperature irritability and crankiness slight temperature irritability crankiness usually small red bump occur around the fold of the skin the neck chest shoulder and back are the sensitive region most likely to develop rash red bump neck chest shoulder back rash heat rash is not serious problem but it can be uncomfortable for baby not uncomfortable the rash can cause stinging sensation that may make the baby scratch which could break the skin and lead to infection stinging break infection to reduce the discomfort dress your baby in loose cotton clothes that are breathable discomfort loose cotton breathable for instant relief from the itchy sensation use prickly heat baby powder infused with the power of herb instant relief prickly heat baby powder,https://himalayawellness.in/a/blog/prickly-heat-powder-helps-babys-heat-rash,05/02/2022
summer skin care tip for baby,summer can be trying time for baby summer in addition to having delicate and underdeveloped skin baby lack the ability to regulate their body temperature causing their body to get hot which can lead to excessive sweating delicate underdeveloped body temperature sweating so when the temperature soar baby skin can break out in heat rash because of clogged sweat gland soar heat rash these tiny red bump around the skin fold can be source of great discomfort and put your otherwise happy baby in grumpy mood discomfort grumpy mood,https://himalayawellness.in/a/blog/summer-skin-care-tips-for-babies,04/26/2022
why facial wipe are must have summer skin care essential,the summer sun shouldn stop you from stepping out on your adventurous hike also no matter how hot it get you can really skip the office sun adventurous hot the long drive to work can make your skin weary and dull you wouldn want to step into meeting with tired and sweaty face skin weary dull tired sweaty face in such situation facial wipe are handy facial wipe,https://himalayawellness.in/a/blog/facial-wipes-summer-skin-care,04/11/2022
how to remove tan at home quick and effective remedy,summer are perfect for that much needed beach time but the scorching sun can leave your skin tanned summer beach sun tanned regain your skin healthy glow with summer skin care regimen use an exclusive range of orange based product to reduce tan and cleanse the skin regain orange based product orange with it refreshing smell and citric property improves skin tone and enhances the skin texture improves enhances here are three must have product to say goodbye to your tan and reveal skin that radiates happy glow three must have product tan radiates,https://himalayawellness.in/a/blog/remove-tan-at-home,04/05/2022
